source_event_id,event_name,event_date_iso,event_url,source_matchup_id,fighter_1_name,fighter_2_name,fighter_1_url,fighter_2_url,pair_key,reason,candidate_count
ufc-3123,UFC,2024-01-13,https://www.bestfightodds.com/events/ufc-3123,33473,Manel Kape,Matheus Nicolau,/fighters/manel-kape-7510,/fighters/matheus-nicolau-5923,"('manel kape', 'matheus nicolau')",unmatched,0
ufc-3123,UFC,2024-01-13,https://www.bestfightodds.com/events/ufc-3123,33476,Ketlen Vieira,Macy Chiasson,/fighters/ketlen-vieira-6585,/fighters/macy-chiasson-8148,"('ketlen vieira', 'macy chiasson')",unmatched,0
road-to-ufc-3188,Road to UFC,2024-02-04,https://www.bestfightodds.com/events/road-to-ufc-3188,33934,Jiniushiyue,Rei Tsuruya,/fighters/jiniushiyue-15863,/fighters/rei-tsuruya-15872,"('jiniushiyue', 'rei tsuruya')",unmatched,0
road-to-ufc-3188,Road to UFC,2024-02-04,https://www.bestfightodds.com/events/road-to-ufc-3188,33935,Kaiwen Li,Zha Yi,/fighters/kaiwen-li-15871,/fighters/zha-yi-13926,"('kaiwen li', 'zha yi')",unmatched,0
road-to-ufc-3188,Road to UFC,2024-02-04,https://www.bestfightodds.com/events/road-to-ufc-3188,33936,Shin Haraguchi,Zhu Rong,/fighters/shin-haraguchi-15881,/fighters/zhu-rong-10936,"('shin haraguchi', 'zhu rong')",unmatched,0
road-to-ufc-3188,Road to UFC,2024-02-04,https://www.bestfightodds.com/events/road-to-ufc-3188,33937,Kaiwen Li,Yizha,/fighters/kaiwen-li-15871,/fighters/yizha-17111,"('kaiwen li', 'yizha')",unmatched,0
road-to-ufc-3188,Road to UFC,2024-02-04,https://www.bestfightodds.com/events/road-to-ufc-3188,33938,Rongzhu,Shin Haraguchi,/fighters/rongzhu-17112,/fighters/shin-haraguchi-15881,"('rongzhu', 'shin haraguchi')",unmatched,0
ufc-fight-night-3160,UFC Fight Night,2024-02-04,https://www.bestfightodds.com/events/ufc-fight-night-3160,33715,Aliaskhab Khizriev,Makhmud Muradov,/fighters/aliaskhab-khizriev-8002,/fighters/makhmud-muradov-8383,"('aliaskhab khizriev', 'makhmud muradov')",unmatched,0
ufc-3163,UFC,2024-02-10,https://www.bestfightodds.com/events/ufc-3163,33852,Daniel Marcos,Qileng Aori,/fighters/daniel-marcos-14365,/fighters/qileng-aori-10837,"('daniel marcos', 'qileng aori')",unmatched,0
ufc-3163,UFC,2024-02-10,https://www.bestfightodds.com/events/ufc-3163,33737,Aori Qileng,Daniel Marcos,/fighters/aori-qileng-13588,/fighters/daniel-marcos-14365,"('aori qileng', 'daniel marcos')",unmatched,0
ufc-298-3112,UFC 298,2024-02-18,https://www.bestfightodds.com/events/ufc-298-3112,33691,Marcin Tybura,Tai Tuivasa,/fighters/marcin-tybura-6200,/fighters/tai-tuivasa-7444,"('marcin tybura', 'tai tuivasa')",unmatched,0
ufc-298-3112,UFC 298,2024-02-18,https://www.bestfightodds.com/events/ufc-298-3112,33246,Alex Volkanovski,Alexsandre Topuria,/fighters/alex-volkanovski-6723,/fighters/alexsandre-topuria-15779,"('alex volkanovski', 'alexsandre topuria')",unmatched,0
ufc-298-3112,UFC 298,2024-02-18,https://www.bestfightodds.com/events/ufc-298-3112,33695,Justin Tafa,Marcos Rogerio de Lima,/fighters/justin-tafa-9315,/fighters/marcos-rogerio-de-lima-2779,"('justin tafa', 'marcos rogerio de lima')",unmatched,0
ufc-3162,UFC,2024-02-25,https://www.bestfightodds.com/events/ufc-3162,33746,Raul Rosas Jr,Ricky Turcios,/fighters/raul-rosas-jr-14405,/fighters/ricky-turcios-4236,"('raul rosas jr', 'ricky turcios')",unmatched,0
ufc-3162,UFC,2024-02-25,https://www.bestfightodds.com/events/ufc-3162,33985,Daniel da Silva,Edgar Chairez,/fighters/daniel-da-silva-13133,/fighters/edgar-chairez-9509,"('daniel da silva', 'edgar chairez')",unmatched,0
ufc-3162,UFC,2024-02-25,https://www.bestfightodds.com/events/ufc-3162,33914,Denys Bondar,Luis Rodriguez,/fighters/denys-bondar-10576,/fighters/luis-rodriguez-10230,"('denys bondar', 'luis rodriguez')",unmatched,0
ufc-3193,UFC,2024-03-02,https://www.bestfightodds.com/events/ufc-3193,33984,Jairzinho Rozenstruik,Shamil Gaziev,/fighters/jairzinho-rozenstruik-8218,/fighters/shamil-gaziev-12522,"('jairzinho rozenstruik', 'shamil gaziev')",unmatched,0
ufc-3193,UFC,2024-03-02,https://www.bestfightodds.com/events/ufc-3193,33981,Joel Alvarez,Ludovit Klein,/fighters/joel-alvarez-8910,/fighters/ludovit-klein-7610,"('joel alvarez', 'ludovit klein')",unmatched,0
ufc-3193,UFC,2024-03-02,https://www.bestfightodds.com/events/ufc-3193,34185,Brendon Marotte,Mohammad Yahya,/fighters/brendon-marotte-7869,/fighters/mohammad-yahya-7764,"('brendon marotte', 'mohammad yahya')",unmatched,0
ufc-3193,UFC,2024-03-02,https://www.bestfightodds.com/events/ufc-3193,33980,Vinicius Oliveira,Yanis Ghemmouri,/fighters/vinicius-oliveira-16540,/fighters/yanis-ghemmouri-11422,"('vinicius oliveira', 'yanis ghemmouri')",unmatched,0
ufc-299-3155,UFC 299,2024-03-10,https://www.bestfightodds.com/events/ufc-299-3155,33704,Katlyn Chookagian,Maycee Barber,/fighters/katlyn-chookagian-5133,/fighters/maycee-barber-7240,"('katlyn chookagian', 'maycee barber')",unmatched,0
ufc-3206,UFC,2024-03-17,https://www.bestfightodds.com/events/ufc-3206,33968,Ange Loosa,Bryan Battle,/fighters/ange-loosa-9074,/fighters/bryan-battle-12265,"('ange loosa', 'bryan battle')",unmatched,0
ufc-3202,UFC,2024-03-23,https://www.bestfightodds.com/events/ufc-3202,34058,Andre Lima,Igor da Silva,/fighters/andre-lima-16132,/fighters/igor-da-silva-16513,"('andre lima', 'igor da silva')",unmatched,0
ufc-3173,UFC,2024-03-31,https://www.bestfightodds.com/events/ufc-3173,34297,Lupita Godinez,Virna Jandiroba,/fighters/lupita-godinez-9456,/fighters/virna-jandiroba-7726,"('lupita godinez', 'virna jandiroba')",unmatched,0
ufc-3173,UFC,2024-03-31,https://www.bestfightodds.com/events/ufc-3173,34301,Melissa Gatto,Victoria Dudakova,/fighters/melissa-gatto-9088,/fighters/victoria-dudakova-17302,"('melissa gatto', 'victoria dudakova')",unmatched,0
ufc-3230,UFC,2024-04-06,https://www.bestfightodds.com/events/ufc-3230,34473,Melissa Dixon,Nora Cornolle,/fighters/melissa-dixon-13981,/fighters/nora-cornolle-14385,"('melissa dixon', 'nora cornolle')",unmatched,0
ufc-3252,UFC,2024-04-27,https://www.bestfightodds.com/events/ufc-3252,34551,Ivana Petrovic,Na Liang,/fighters/ivana-petrovic-13667,/fighters/na-liang-10937,"('ivana petrovic', 'na liang')",unmatched,0
ufc-3260,UFC,2024-04-28,https://www.bestfightodds.com/events/ufc-3260,34545,Ariane Lipski,Karine Silva,/fighters/ariane-lipski-6053,/fighters/karine-silva-7814,"('ariane lipski', 'karine silva')",unmatched,0
ufc-3238,UFC,2024-05-11,https://www.bestfightodds.com/events/ufc-3238,34769,Jared Gooden,Kevin Jousset,/fighters/jared-gooden-5444,/fighters/kevin-jousset-16429,"('jared gooden', 'kevin jousset')",unmatched,0
ufc-3238,UFC,2024-05-11,https://www.bestfightodds.com/events/ufc-3238,34775,Tabatha Ricci,Tecia Torres,/fighters/tabatha-ricci-10312,/fighters/tecia-torres-3557,"('tabatha ricci', 'tecia torres')",unmatched,0
road-to-ufc-3305,Road to UFC,2024-05-18,https://www.bestfightodds.com/events/road-to-ufc-3305,35019,Cong Wang,Paula Luna,/fighters/cong-wang-16644,/fighters/paula-luna-17650,"('cong wang', 'paula luna')",unmatched,0
road-to-ufc-3305,Road to UFC,2024-05-18,https://www.bestfightodds.com/events/road-to-ufc-3305,35024,Masuto Kawana,Young Jae Song,/fighters/masuto-kawana-14204,/fighters/young-jae-song-17655,"('masuto kawana', 'young jae song')",unmatched,0
road-to-ufc-3305,Road to UFC,2024-05-18,https://www.bestfightodds.com/events/road-to-ufc-3305,35029,Bin Xie,Yibugele,/fighters/bin-xie-12716,/fighters/yibugele-15870,"('bin xie', 'yibugele')",unmatched,0
road-to-ufc-3305,Road to UFC,2024-05-18,https://www.bestfightodds.com/events/road-to-ufc-3305,35032,Huaxiang Dong,Priya Sharma,/fighters/huaxiang-dong-17662,/fighters/priya-sharma-17663,"('huaxiang dong', 'priya sharma')",unmatched,0
road-to-ufc-3305,Road to UFC,2024-05-18,https://www.bestfightodds.com/events/road-to-ufc-3305,35035,Ming Shi,Ye Dam Seo,/fighters/ming-shi-17668,/fighters/ye-dam-seo-13933,"('ming shi', 'ye dam seo')",unmatched,0
road-to-ufc-3305,Road to UFC,2024-05-18,https://www.bestfightodds.com/events/road-to-ufc-3305,35018,Bahatebole Batebolati,Han Seul Kim,/fighters/bahatebole-batebolati-13845,/fighters/han-seul-kim-13940,"('bahatebole batebolati', 'han seul kim')",unmatched,0
road-to-ufc-3305,Road to UFC,2024-05-18,https://www.bestfightodds.com/events/road-to-ufc-3305,35025,Jun Young Hong,Shin Haraguchi,/fighters/jun-young-hong-13931,/fighters/shin-haraguchi-15881,"('jun young hong', 'shin haraguchi')",unmatched,0
road-to-ufc-3305,Road to UFC,2024-05-18,https://www.bestfightodds.com/events/road-to-ufc-3305,35027,Kangjie Zhu,Tatsuya Ando,/fighters/kangjie-zhu-17657,/fighters/tatsuya-ando-17658,"('kangjie zhu', 'tatsuya ando')",unmatched,0
road-to-ufc-3305,Road to UFC,2024-05-18,https://www.bestfightodds.com/events/road-to-ufc-3305,35033,Kiran Singh,Xiaocan Feng,/fighters/kiran-singh-17664,/fighters/xiaocan-feng-17665,"('kiran singh', 'xiaocan feng')",unmatched,0
road-to-ufc-3305,Road to UFC,2024-05-18,https://www.bestfightodds.com/events/road-to-ufc-3305,35034,Feier Huang,Miki Motono,/fighters/feier-huang-17666,/fighters/miki-motono-17667,"('feier huang', 'miki motono')",unmatched,0
ufc-3290,UFC,2024-05-18,https://www.bestfightodds.com/events/ufc-3290,34909,Antonio Trocoli,Oumar Sy,/fighters/antonio-trocoli-6081,/fighters/oumar-sy-12679,"('antonio trocoli', 'oumar sy')",unmatched,0
ufc-3290,UFC,2024-05-18,https://www.bestfightodds.com/events/ufc-3290,34864,Heili Alateng,Kleydson Rodrigues,/fighters/heili-alateng-9469,/fighters/kleydson-rodrigues-12497,"('heili alateng', 'kleydson rodrigues')",unmatched,0
road-to-ufc-3306,Road to UFC,2024-05-19,https://www.bestfightodds.com/events/road-to-ufc-3306,35020,Lisa Kyriacou,Qihui Yan,/fighters/lisa-kyriacou-16208,/fighters/qihui-yan-12715,"('lisa kyriacou', 'qihui yan')",unmatched,0
road-to-ufc-3306,Road to UFC,2024-05-19,https://www.bestfightodds.com/events/road-to-ufc-3306,35023,Kiru Singh Sahota,Shuai Yin,/fighters/kiru-singh-sahota-15472,/fighters/shuai-yin-17654,"('kiru singh sahota', 'shuai yin')",unmatched,0
road-to-ufc-3306,Road to UFC,2024-05-19,https://www.bestfightodds.com/events/road-to-ufc-3306,35031,Kyu Sung Kim,Tokitaka Nakanishi,/fighters/kyu-sung-kim-17660,/fighters/tokitaka-nakanishi-17661,"('kyu sung kim', 'tokitaka nakanishi')",unmatched,0
road-to-ufc-3306,Road to UFC,2024-05-19,https://www.bestfightodds.com/events/road-to-ufc-3306,35036,Ruel Panales,Toki Matsui,/fighters/ruel-panales-14012,/fighters/toki-matsui-17669,"('ruel panales', 'toki matsui')",unmatched,0
road-to-ufc-3306,Road to UFC,2024-05-19,https://www.bestfightodds.com/events/road-to-ufc-3306,35037,Balgyn Jenisuly,Yunfeng Li,/fighters/balgyn-jenisuly-17670,/fighters/yunfeng-li-17671,"('balgyn jenisuly', 'yunfeng li')",unmatched,0
road-to-ufc-3306,Road to UFC,2024-05-19,https://www.bestfightodds.com/events/road-to-ufc-3306,35021,Angad Bisht,John Dave Almanza,/fighters/angad-bisht-17651,/fighters/john-dave-almanza-17652,"('angad bisht', 'john dave almanza')",unmatched,0
road-to-ufc-3306,Road to UFC,2024-05-19,https://www.bestfightodds.com/events/road-to-ufc-3306,35022,Dong Hoon Choi,Jiniushiyue,/fighters/dong-hoon-choi-17653,/fighters/jiniushiyue-15863,"('dong hoon choi', 'jiniushiyue')",unmatched,0
road-to-ufc-3306,Road to UFC,2024-05-19,https://www.bestfightodds.com/events/road-to-ufc-3306,35026,Shohei Nose,Su Young You,/fighters/shohei-nose-13947,/fighters/su-young-you-17656,"('shohei nose', 'su young you')",unmatched,0
road-to-ufc-3306,Road to UFC,2024-05-19,https://www.bestfightodds.com/events/road-to-ufc-3306,35028,Daermisi Zhawupasi,Ren Ozaki,/fighters/daermisi-zhawupasi-15877,/fighters/ren-ozaki-17659,"('daermisi zhawupasi', 'ren ozaki')",unmatched,0
road-to-ufc-3306,Road to UFC,2024-05-19,https://www.bestfightodds.com/events/road-to-ufc-3306,35030,Tatsuya Saika,Won Bin Ki,/fighters/tatsuya-saika-15692,/fighters/won-bin-ki-13924,"('tatsuya saika', 'won bin ki')",unmatched,0
ufc-3277,UFC,2024-06-22,https://www.bestfightodds.com/events/ufc-3277,35141,Chang Ho Lee,Long Xiao,/fighters/chang-ho-lee-13734,/fighters/long-xiao-12717,"('chang ho lee', 'long xiao')",unmatched,0
ufc-3277,UFC,2024-06-22,https://www.bestfightodds.com/events/ufc-3277,35146,Melsik Baghdasaryan,Muhammad Naimov,/fighters/melsik-baghdasaryan-10282,/fighters/muhammad-naimov-10630,"('melsik baghdasaryan', 'muhammad naimov')",unmatched,0
ufc-3277,UFC,2024-06-22,https://www.bestfightodds.com/events/ufc-3277,35147,Abu Azaitar,Denis Tiuliulin,/fighters/abu-azaitar-3986,/fighters/denis-tiuliulin-13474,"('abu azaitar', 'denis tiuliulin')",unmatched,0
ufc-3277,UFC,2024-06-22,https://www.bestfightodds.com/events/ufc-3277,35138,Farid Basharat,Montel Jackson,/fighters/farid-basharat-11791,/fighters/montel-jackson-8255,"('farid basharat', 'montel jackson')",unmatched,0
ufc-3277,UFC,2024-06-22,https://www.bestfightodds.com/events/ufc-3277,30185,Khamzat Chimaev,Robert Whittaker,/fighters/khamzat-chimaev-10189,/fighters/robert-whittaker-3761,"('khamzat chimaev', 'robert whittaker')",unmatched,0
ufc-3161,UFC,2024-06-29,https://www.bestfightodds.com/events/ufc-3161,33728,Conor McGregor,Michael Chandler,/fighters/conor-mcgregor-3147,/fighters/michael-chandler-2158,"('conor mcgregor', 'michael chandler')",unmatched,0
ufc-3161,UFC,2024-06-29,https://www.bestfightodds.com/events/ufc-3161,35392,Anthony Smith,Carlos Ulberg,/fighters/anthony-smith-1829,/fighters/carlos-ulberg-10404,"('anthony smith', 'carlos ulberg')",unmatched,0
ufc-303-3283,UFC 303,2024-06-30,https://www.bestfightodds.com/events/ufc-303-3283,35391,Brian Ortega,Diego Lopes,/fighters/brian-ortega-4290,/fighters/diego-lopes-12328,"('brian ortega', 'diego lopes')",unmatched,0
ufc-3336,UFC,2024-07-13,https://www.bestfightodds.com/events/ufc-3336,35303,Jasmine Jasudavicius,Viviane Araujo,/fighters/jasmine-jasudavicius-9869,/fighters/viviane-araujo-9155,"('jasmine jasudavicius', 'viviane araujo')",unmatched,0
ufc-fight-night-3363,UFC Fight Night,2024-07-14,https://www.bestfightodds.com/events/ufc-fight-night-3363,35311,Abdul Razak Alhassan,Cody Brundage,/fighters/abdul-razak-alhassan-4724,/fighters/cody-brundage-10168,"('abdul razak alhassan', 'cody brundage')",unmatched,0
ufc-3374,UFC,2024-07-27,https://www.bestfightodds.com/events/ufc-3374,35761,Caolan Loughran,Ramon Taveras,/fighters/caolan-loughran-13592,/fighters/ramon-taveras-16460,"('caolan loughran', 'ramon taveras')",unmatched,0
ufc-3307,UFC,2024-07-28,https://www.bestfightodds.com/events/ufc-3307,35039,Bobby Green,Paddy Pimblett,/fighters/bobby-green-1060,/fighters/paddy-pimblett-4242,"('bobby green', 'paddy pimblett')",unmatched,0
ufc-3320,UFC,2024-08-03,https://www.bestfightodds.com/events/ufc-3320,35762,Abdul-Kareem Al-Selwady,Guram Kutateladze,/fighters/abdul-kareem-al-selwady-10295,/fighters/guram-kutateladze-10385,"('abdul kareem al selwady', 'guram kutateladze')",unmatched,0
ufc-3406,UFC,2024-08-10,https://www.bestfightodds.com/events/ufc-3406,35903,Allan Nascimento,Jafel Filho,/fighters/allan-nascimento-6373,/fighters/jafel-filho-14406,"('allan nascimento', 'jafel filho')",unmatched,0
ufc-3406,UFC,2024-08-10,https://www.bestfightodds.com/events/ufc-3406,35905,Jonny Parsons,Yusaku Kinoshita,/fighters/jonny-parsons-12689,/fighters/yusaku-kinoshita-14317,"('jonny parsons', 'yusaku kinoshita')",unmatched,0
ufc-3406,UFC,2024-08-10,https://www.bestfightodds.com/events/ufc-3406,35904,Chris Gutierrez,Javid Basharat,/fighters/chris-gutierrez-4725,/fighters/javid-basharat-10973,"('chris gutierrez', 'javid basharat')",unmatched,0
ufc-3407,UFC,2024-08-11,https://www.bestfightodds.com/events/ufc-3407,35906,Damon Jackson,Jose Mariscal,/fighters/damon-jackson-3828,/fighters/jose-mariscal-8166,"('damon jackson', 'jose mariscal')",unmatched,0
ufc-3410,UFC,2024-08-17,https://www.bestfightodds.com/events/ufc-3410,35936,Kenan Song,Ricky Glenn,/fighters/kenan-song-7731,/fighters/ricky-glenn-13086,"('kenan song', 'ricky glenn')",unmatched,0
road-to-ufc-3442,Road to UFC,2024-08-24,https://www.bestfightodds.com/events/road-to-ufc-3442,36147,Balgyn Jenisuly,Tokitaka Nakanishi,/fighters/balgyn-jenisuly-17670,/fighters/tokitaka-nakanishi-17661,"('balgyn jenisuly', 'tokitaka nakanishi')",unmatched,0
road-to-ufc-3442,Road to UFC,2024-08-24,https://www.bestfightodds.com/events/road-to-ufc-3442,36135,Kangjie Zhu,Shin Haraguchi,/fighters/kangjie-zhu-17657,/fighters/shin-haraguchi-15881,"('kangjie zhu', 'shin haraguchi')",unmatched,0
road-to-ufc-3442,Road to UFC,2024-08-24,https://www.bestfightodds.com/events/road-to-ufc-3442,36136,Bin Xie,Masuto Kawana,/fighters/bin-xie-12716,/fighters/masuto-kawana-14204,"('bin xie', 'masuto kawana')",unmatched,0
road-to-ufc-3442,Road to UFC,2024-08-24,https://www.bestfightodds.com/events/road-to-ufc-3442,36133,Angad Bisht,Dong Hoon Choi,/fighters/angad-bisht-17651,/fighters/dong-hoon-choi-17653,"('angad bisht', 'dong hoon choi')",unmatched,0
road-to-ufc-3442,Road to UFC,2024-08-24,https://www.bestfightodds.com/events/road-to-ufc-3442,36134,Huaxiang Dong,Ming Shi,/fighters/huaxiang-dong-17662,/fighters/ming-shi-17668,"('huaxiang dong', 'ming shi')",unmatched,0
road-to-ufc-3442,Road to UFC,2024-08-24,https://www.bestfightodds.com/events/road-to-ufc-3442,36139,Daermisi Zhawupasi,Su Young You,/fighters/daermisi-zhawupasi-15877,/fighters/su-young-you-17656,"('daermisi zhawupasi', 'su young you')",unmatched,0
road-to-ufc-3442,Road to UFC,2024-08-24,https://www.bestfightodds.com/events/road-to-ufc-3442,36140,Miki Motono,Xiaocan Feng,/fighters/miki-motono-17667,/fighters/xiaocan-feng-17665,"('miki motono', 'xiaocan feng')",unmatched,0
road-to-ufc-3442,Road to UFC,2024-08-24,https://www.bestfightodds.com/events/road-to-ufc-3442,36146,Kiru Singh Sahota,Ruel Panales,/fighters/kiru-singh-sahota-15472,/fighters/ruel-panales-14012,"('kiru singh sahota', 'ruel panales')",unmatched,0
road-to-ufc-3442,Road to UFC,2024-08-24,https://www.bestfightodds.com/events/road-to-ufc-3442,36137,Danni McCormack,Qihui Yan,/fighters/danni-mccormack-13352,/fighters/qihui-yan-12715,"('danni mccormack', 'qihui yan')",unmatched,0
road-to-ufc-3442,Road to UFC,2024-08-24,https://www.bestfightodds.com/events/road-to-ufc-3442,36138,Jonathan Piersma,Samandar Murodov,/fighters/jonathan-piersma-10542,/fighters/samandar-murodov-10948,"('jonathan piersma', 'samandar murodov')",unmatched,0
ufc-3414,UFC,2024-08-24,https://www.bestfightodds.com/events/ufc-3414,36142,Nathan Fletcher,Zygimantas Ramaska,/fighters/nathan-fletcher-9198,/fighters/zygimantas-ramaska-18251,"('nathan fletcher', 'zygimantas ramaska')",unmatched,0
ufc-3414,UFC,2024-08-24,https://www.bestfightodds.com/events/ufc-3414,35958,Cong Wang,Victoria Leonardo,/fighters/cong-wang-16644,/fighters/victoria-leonardo-8900,"('cong wang', 'victoria leonardo')",unmatched,0
ufc-3414,UFC,2024-08-24,https://www.bestfightodds.com/events/ufc-3414,35953,Danny Silva,Dennis Buzukja,/fighters/danny-silva-9217,/fighters/dennis-buzukja-8602,"('danny silva', 'dennis buzukja')",unmatched,0
ufc-3441,UFC,2024-08-25,https://www.bestfightodds.com/events/ufc-3441,35955,Jose Medina,Zach Reese,/fighters/jose-medina-3601,/fighters/zach-reese-16353,"('jose medina', 'zach reese')",unmatched,0
ufc-3415,UFC,2024-09-07,https://www.bestfightodds.com/events/ufc-3415,35960,Ovince St. Preux,Ryan Spann,/fighters/ovince-st-preux-1788,/fighters/ryan-spann-3502,"('ovince st preux', 'ryan spann')",unmatched,0
ufc-3415,UFC,2024-09-07,https://www.bestfightodds.com/events/ufc-3415,36203,Gabriel Santos,Zha Yi,/fighters/gabriel-santos-14703,/fighters/zha-yi-13926,"('gabriel santos', 'zha yi')",unmatched,0
ufc-306-3399,UFC 306,2024-09-14,https://www.bestfightodds.com/events/ufc-306-3399,36166,Qileng Aori,Raul Rosas Jr.,/fighters/qileng-aori-10837,/fighters/raul-rosas-jr-14661,"('qileng aori', 'raul rosas jr')",unmatched,0
ufc-3500,UFC,2024-10-12,https://www.bestfightodds.com/events/ufc-3500,36649,Abdul Razak Alhassan,Josh Fremd,/fighters/abdul-razak-alhassan-4724,/fighters/josh-fremd-7675,"('abdul razak alhassan', 'josh fremd')",unmatched,0
ufc-3500,UFC,2024-10-12,https://www.bestfightodds.com/events/ufc-3500,36732,Chris Barnett,Junior Tafa,/fighters/chris-barnett-3234,/fighters/junior-tafa-14832,"('chris barnett', 'jr tafa')",unmatched,0
ufc-3513,UFC,2024-10-19,https://www.bestfightodds.com/events/ufc-3513,36776,Charles Johnson,Sumudaerji Sumudaerji,/fighters/charles-johnson-7494,/fighters/sumudaerji-sumudaerji-8746,"('charles johnson', 'sumudaerji sumudaerji')",unmatched,0
ufc-3513,UFC,2024-10-19,https://www.bestfightodds.com/events/ufc-3513,36778,Brady Hiestand,Jake Hadley,/fighters/brady-hiestand-12231,/fighters/jake-hadley-9411,"('brady hiestand', 'jake hadley')",unmatched,0
ufc-3412,UFC,2024-10-26,https://www.bestfightodds.com/events/ufc-3412,36892,Carlos Leal Miranda,Rinat Fakhretdinov,/fighters/carlos-leal-miranda-7744,/fighters/rinat-fakhretdinov-13557,"('carlos leal miranda', 'rinat fakhretdinov')",unmatched,0
ufc-3412,UFC,2024-10-26,https://www.bestfightodds.com/events/ufc-3412,36882,Junior Tafa,Kennedy Nzechukwu,/fighters/junior-tafa-14832,/fighters/kennedy-nzechukwu-7454,"('jr tafa', 'kennedy nzechukwu')",unmatched,0
ufc-3412,UFC,2024-10-26,https://www.bestfightodds.com/events/ufc-3412,36914,Daniel Santos,Said Nurmagomedov,/fighters/daniel-santos-6038,/fighters/said-nurmagomedov-8192,"('daniel santos', 'said nurmagomedov')",unmatched,0
ufc-fight-night-3436,UFC Fight Night,2024-11-03,https://www.bestfightodds.com/events/ufc-fight-night-3436,36948,Ariane Lipski,Jasmine Jasudavicius,/fighters/ariane-lipski-6053,/fighters/jasmine-jasudavicius-9869,"('ariane lipski', 'jasmine jasudavicius')",unmatched,0
ufc-3537,UFC,2024-11-10,https://www.bestfightodds.com/events/ufc-3537,37048,Benardo Sopaj,Ricky Turcios,/fighters/benardo-sopaj-18721,/fighters/ricky-turcios-4236,"('benardo sopaj', 'ricky turcios')",unmatched,0
ufc-3476,UFC,2024-11-17,https://www.bestfightodds.com/events/ufc-3476,37031,Chris Weidman,Eryk Anders,/fighters/chris-weidman-2309,/fighters/eryk-anders-6686,"('chris weidman', 'eryk anders')",unmatched,0
ufc-3549,UFC,2024-11-23,https://www.bestfightodds.com/events/ufc-3549,37143,Tabatha Ricci,Xiaonan Yan,/fighters/tabatha-ricci-10312,/fighters/xiaonan-yan-9148,"('tabatha ricci', 'xiaonan yan')",unmatched,0
ufc-3549,UFC,2024-11-23,https://www.bestfightodds.com/events/ufc-3549,37144,Kenan Song,Muslim Salikhov,/fighters/kenan-song-7731,/fighters/muslim-salikhov-7701,"('kenan song', 'muslim salikhov')",unmatched,0
ufc-3549,UFC,2024-11-23,https://www.bestfightodds.com/events/ufc-3549,37145,Cong Wang,Gabriella Fernandes,/fighters/cong-wang-16644,/fighters/gabriella-fernandes-14517,"('cong wang', 'gabriella fernandes')",unmatched,0
ufc-3549,UFC,2024-11-23,https://www.bestfightodds.com/events/ufc-3549,37150,Mingyang Zhang,Ozzy Diaz,/fighters/mingyang-zhang-13918,/fighters/ozzy-diaz-10407,"('mingyang zhang', 'ozzy diaz')",unmatched,0
ufc-3549,UFC,2024-11-23,https://www.bestfightodds.com/events/ufc-3549,37146,Balgyn Jenisuly,Su Young You,/fighters/balgyn-jenisuly-17670,/fighters/su-young-you-17656,"('balgyn jenisuly', 'su young you')",unmatched,0
ufc-3549,UFC,2024-11-23,https://www.bestfightodds.com/events/ufc-3549,37151,Ming Shi,Xiaocan Feng,/fighters/ming-shi-17668,/fighters/xiaocan-feng-17665,"('ming shi', 'xiaocan feng')",unmatched,0
ufc-3549,UFC,2024-11-23,https://www.bestfightodds.com/events/ufc-3549,37153,Long Xiao,Quang Le,/fighters/long-xiao-12717,/fighters/quang-le-12547,"('long xiao', 'quang le')",unmatched,0
ufc-3549,UFC,2024-11-23,https://www.bestfightodds.com/events/ufc-3549,37149,Maheshate Hayisaer,Nikolas Motta,/fighters/maheshate-hayisaer-18770,/fighters/nikolas-motta-9314,"('maheshate hayisaer', 'nikolas motta')",unmatched,0
ufc-3549,UFC,2024-11-23,https://www.bestfightodds.com/events/ufc-3549,37155,Bin Xie,Kangjie Zhu,/fighters/bin-xie-12716,/fighters/kangjie-zhu-17657,"('bin xie', 'kangjie zhu')",unmatched,0
ufc-3522,UFC,2024-12-08,https://www.bestfightodds.com/events/ufc-3522,36854,Belal Muhammad,Shavkat Rakhmonov,/fighters/belal-muhammad-3777,/fighters/shavkat-rakhmonov-9925,"('belal muhammad', 'shavkat rakhmonov')",unmatched,0
ufc-3522,UFC,2024-12-08,https://www.bestfightodds.com/events/ufc-3522,36852,Nick Diaz,Vicente Luque,/fighters/nick-diaz-229,/fighters/vicente-luque-5744,"('nick diaz', 'vicente luque')",unmatched,0
ufc-fight-night-3593,UFC Fight Night,2025-01-11,https://www.bestfightodds.com/events/ufc-fight-night-3593,37539,Andreas Gustafsson,Preston Parsons,/fighters/andreas-gustafsson-8971,/fighters/preston-parsons-6472,"('andreas gustafsson', 'preston parsons')",unmatched,0
ufc-fight-night-3593,UFC Fight Night,2025-01-11,https://www.bestfightodds.com/events/ufc-fight-night-3593,37587,Nurullo Aliev,Yanal Ashmoz,/fighters/nurullo-aliev-11078,/fighters/yanal-ashmoz-12728,"('nurullo aliev', 'yanal ashmoz')",unmatched,0
ufc-3570,UFC,2025-01-19,https://www.bestfightodds.com/events/ufc-3570,37385,Arman Tsarukyan,Islam Makhachev,/fighters/arman-tsarukyan-9034,/fighters/islam-makhachev-5541,"('arman tsarukyan', 'islam makhachev')",unmatched,0
ufc-3570,UFC,2025-01-19,https://www.bestfightodds.com/events/ufc-3570,37433,Beneil Dariush,Renato Moicano,/fighters/beneil-dariush-4633,/fighters/renato-moicano-5598,"('beneil dariush', 'renato moicano')",unmatched,0
ufc-3570,UFC,2025-01-19,https://www.bestfightodds.com/events/ufc-3570,37683,Sedriques Dumas,Zachary Reese,/fighters/sedriques-dumas-12309,/fighters/zachary-reese-14747,"('sedriques dumas', 'zachary reese')",unmatched,0
ufc-3592,UFC,2025-02-01,https://www.bestfightodds.com/events/ufc-3592,37602,Andre Muniz,Ikram Aliskerov,/fighters/andre-muniz-8538,/fighters/ikram-aliskerov-10994,"('andre muniz', 'ikram aliskerov')",unmatched,0
ufc-3592,UFC,2025-02-01,https://www.bestfightodds.com/events/ufc-3592,37669,Abdul-Kareem Al-Selwady,Jordan Leavitt,/fighters/abdul-kareem-al-selwady-10295,/fighters/jordan-leavitt-10210,"('abdul kareem al selwady', 'jordan leavitt')",unmatched,0
ufc-3592,UFC,2025-02-01,https://www.bestfightodds.com/events/ufc-3592,37752,Abdul-Kareem Al-Selwady,Bolaji Oki,/fighters/abdul-kareem-al-selwady-10295,/fighters/bolaji-oki-16406,"('abdul kareem al selwady', 'bolaji oki')",unmatched,0
ufc-3626,UFC,2025-02-09,https://www.bestfightodds.com/events/ufc-3626,37779,Jim Crute,Rodolfo Bellato,/fighters/jim-crute-8036,/fighters/rodolfo-bellato-11728,"('jim crute', 'rodolfo bellato')",unmatched,0
ufc-3626,UFC,2025-02-09,https://www.bestfightodds.com/events/ufc-3626,37781,Bruna Brasil,Cong Wang,/fighters/bruna-brasil-13778,/fighters/cong-wang-16644,"('bruna brasil', 'cong wang')",unmatched,0
ufc-3604,UFC,2025-02-22,https://www.bestfightodds.com/events/ufc-3604,37673,Dominick Cruz,Rob Font,/fighters/dominick-cruz-660,/fighters/rob-font-4984,"('dominick cruz', 'rob font')",unmatched,0
ufc-313-3650,UFC 313,2025-03-08,https://www.bestfightodds.com/events/ufc-313-3650,37739,Daniel Hooker,Justin Gaethje,/fighters/daniel-hooker-4979,/fighters/justin-gaethje-3964,"('daniel hooker', 'justin gaethje')",unmatched,0
ufc-3612,UFC,2025-03-09,https://www.bestfightodds.com/events/ufc-3612,37676,Curtis Blaydes,Rizvan Kuniev,/fighters/curtis-blaydes-5732,/fighters/rizvan-kuniev-12573,"('curtis blaydes', 'rizvan kuniev')",unmatched,0
ufc-3612,UFC,2025-03-09,https://www.bestfightodds.com/events/ufc-3612,38046,Alex Morono,Carlos Leal Miranda,/fighters/alex-morono-2727,/fighters/carlos-leal-miranda-7744,"('alex morono', 'carlos leal miranda')",unmatched,0
ufc-3612,UFC,2025-03-09,https://www.bestfightodds.com/events/ufc-3612,38092,Chris Gutierrez,John Castaneda,/fighters/chris-gutierrez-4725,/fighters/john-castaneda-7396,"('chris gutierrez', 'john castaneda')",unmatched,0
ufc-3578,UFC,2025-03-22,https://www.bestfightodds.com/events/ufc-3578,37737,Jack Della Maddalena,Leon Edwards,/fighters/jack-della-maddalena-7492,/fighters/leon-edwards-4608,"('jack della maddalena', 'leon edwards')",unmatched,0
ufc-fight-night-3667,UFC Fight Night,2025-03-30,https://www.bestfightodds.com/events/ufc-fight-night-3667,38213,Joe Pfyer,Kelvin Gastelum,/fighters/joe-pfyer-16505,/fighters/kelvin-gastelum-4061,"('joe pfyer', 'kelvin gastelum')",unmatched,0
ufc-3654,UFC,2025-04-12,https://www.bestfightodds.com/events/ufc-3654,38327,Mitch Raposo,Sumudaerji Sumudaerji,/fighters/mitch-raposo-10778,/fighters/sumudaerji-sumudaerji-8746,"('mitch raposo', 'sumudaerji sumudaerji')",unmatched,0
ufc-3656,UFC,2025-04-27,https://www.bestfightodds.com/events/ufc-3656,38384,Damon Blackshear,Heili Alateng,/fighters/damon-blackshear-11177,/fighters/heili-alateng-9469,"('damon blackshear', 'heili alateng')",unmatched,0
ufc-3656,UFC,2025-04-27,https://www.bestfightodds.com/events/ufc-3656,38422,Alatengheili Alateng,Da'mon Blackshear,/fighters/alatengheili-alateng-19309,/fighters/da-mon-blackshear-8471,"('alatengheili alateng', 'damon blackshear')",unmatched,0
ufc-3722,UFC,2025-05-18,https://www.bestfightodds.com/events/ufc-3722,38678,Paul Craig,Rodolfo Bellato,/fighters/paul-craig-6791,/fighters/rodolfo-bellato-11728,"('paul craig', 'rodolfo bellato')",unmatched,0
road-to-ufc-3734,Road to UFC,2025-05-22,https://www.bestfightodds.com/events/road-to-ufc-3734,38787,Dong Hyun Seo,Kaiwen Li,/fighters/dong-hyun-seo-19446,/fighters/kaiwen-li-15871,"('dong hyun seo', 'kaiwen li')",unmatched,0
road-to-ufc-3734,Road to UFC,2025-05-22,https://www.bestfightodds.com/events/road-to-ufc-3734,38786,Agulali,Mridul Saikia,/fighters/agulali-19444,/fighters/mridul-saikia-19445,"('agulali', 'mridul saikia')",unmatched,0
road-to-ufc-3734,Road to UFC,2025-05-22,https://www.bestfightodds.com/events/road-to-ufc-3734,38788,Chang Min Yoon,Jin Aoi,/fighters/chang-min-yoon-8964,/fighters/jin-aoi-10249,"('chang min yoon', 'jin aoi')",unmatched,0
road-to-ufc-3734,Road to UFC,2025-05-22,https://www.bestfightodds.com/events/road-to-ufc-3734,38790,Aaron Tau,Rio Tirto,/fighters/aaron-tau-18404,/fighters/rio-tirto-19448,"('aaron tau', 'rio tirto')",unmatched,0
road-to-ufc-3734,Road to UFC,2025-05-22,https://www.bestfightodds.com/events/road-to-ufc-3734,38789,Aziz Khaydarov,Mansher Khera,/fighters/aziz-khaydarov-19447,/fighters/mansher-khera-16436,"('aziz khaydarov', 'mansher khera')",unmatched,0
road-to-ufc-3734,Road to UFC,2025-05-22,https://www.bestfightodds.com/events/road-to-ufc-3734,38784,Baergeng Jieleyisi,Sebastian Szalay,/fighters/baergeng-jieleyisi-15879,/fighters/sebastian-szalay-19442,"('baergeng jieleyisi', 'sebastian szalay')",unmatched,0
road-to-ufc-3734,Road to UFC,2025-05-22,https://www.bestfightodds.com/events/road-to-ufc-3734,38785,Kai Yoshida,Shuai Yin,/fighters/kai-yoshida-19443,/fighters/shuai-yin-17654,"('kai yoshida', 'shuai yin')",unmatched,0
road-to-ufc-3734,Road to UFC,2025-05-22,https://www.bestfightodds.com/events/road-to-ufc-3734,38783,Eoh Jin Park,Keiichiro Nakamura,/fighters/eoh-jin-park-19440,/fighters/keiichiro-nakamura-19441,"('eoh jin park', 'keiichiro nakamura')",unmatched,0
road-to-ufc-3734,Road to UFC,2025-05-22,https://www.bestfightodds.com/events/road-to-ufc-3734,38782,Namsrai Batbayar,Wataru Yamauchi,/fighters/namsrai-batbayar-19438,/fighters/wataru-yamauchi-19439,"('namsrai batbayar', 'wataru yamauchi')",unmatched,0
road-to-ufc-3734,Road to UFC,2025-05-22,https://www.bestfightodds.com/events/road-to-ufc-3734,38781,Arisa Matsuda,Xiaocan Feng,/fighters/arisa-matsuda-19437,/fighters/xiaocan-feng-17665,"('arisa matsuda', 'xiaocan feng')",unmatched,0
road-to-ufc-3735,Road to UFC,2025-05-23,https://www.bestfightodds.com/events/road-to-ufc-3735,38797,Bin Xie,Kangjie Zhu,/fighters/bin-xie-12716,/fighters/kangjie-zhu-17657,"('bin xie', 'kangjie zhu')",unmatched,0
road-to-ufc-3735,Road to UFC,2025-05-23,https://www.bestfightodds.com/events/road-to-ufc-3735,38799,Dom Mar Fan,Yuji Yannick Ephoeviga,/fighters/dom-mar-fan-19458,/fighters/yuji-yannick-ephoeviga-19459,"('dom mar fan', 'yuji yannick ephoeviga')",unmatched,0
road-to-ufc-3735,Road to UFC,2025-05-23,https://www.bestfightodds.com/events/road-to-ufc-3735,38796,Lawrence Lui,Qinghe Zhang,/fighters/lawrence-lui-19456,/fighters/qinghe-zhang-18159,"('lawrence lui', 'qinghe zhang')",unmatched,0
road-to-ufc-3735,Road to UFC,2025-05-23,https://www.bestfightodds.com/events/road-to-ufc-3735,38798,Daichi Kamiya,Sang Uk Kim,/fighters/daichi-kamiya-19457,/fighters/sang-uk-kim-15876,"('daichi kamiya', 'sang uk kim')",unmatched,0
road-to-ufc-3735,Road to UFC,2025-05-23,https://www.bestfightodds.com/events/road-to-ufc-3735,38791,Rui Imura,Van Y Nghiem,/fighters/rui-imura-19449,/fighters/van-y-nghiem-19450,"('rui imura', 'van y nghiem')",unmatched,0
road-to-ufc-3735,Road to UFC,2025-05-23,https://www.bestfightodds.com/events/road-to-ufc-3735,38794,Peter Danesoe,Sulangrangbo,/fighters/peter-danesoe-15874,/fighters/sulangrangbo-19454,"('peter danesoe', 'sulangrangbo')",unmatched,0
road-to-ufc-3735,Road to UFC,2025-05-23,https://www.bestfightodds.com/events/road-to-ufc-3735,38792,Deni Daffa,Yawei Ren,/fighters/deni-daffa-19451,/fighters/yawei-ren-19452,"('deni daffa', 'yawei ren')",unmatched,0
road-to-ufc-3735,Road to UFC,2025-05-23,https://www.bestfightodds.com/events/road-to-ufc-3735,38800,Kuya Ito,Sim Kai Xiong,/fighters/kuya-ito-11227,/fighters/sim-kai-xiong-13735,"('kuya ito', 'sim kai xiong')",unmatched,0
road-to-ufc-3735,Road to UFC,2025-05-23,https://www.bestfightodds.com/events/road-to-ufc-3735,38793,Jack Becker,Jae Hyun Park,/fighters/jack-becker-19453,/fighters/jae-hyun-park-16404,"('jack becker', 'jae hyun park')",unmatched,0
road-to-ufc-3735,Road to UFC,2025-05-23,https://www.bestfightodds.com/events/road-to-ufc-3735,38795,Kitt Campbell,Shogo Sato,/fighters/kitt-campbell-8032,/fighters/shogo-sato-19455,"('kitt campbell', 'shogo sato')",unmatched,0
ufc-3741,UFC,2025-06-01,https://www.bestfightodds.com/events/ufc-3741,38714,Erin Blanchfield,Maycee Barber,/fighters/erin-blanchfield-8336,/fighters/maycee-barber-7240,"('erin blanchfield', 'maycee barber')",unmatched,0
ufc-316-3702,UFC 316,2025-06-07,https://www.bestfightodds.com/events/ufc-316-3702,38627,Ariane Lipski,Cong Wang,/fighters/ariane-lipski-6053,/fighters/cong-wang-16644,"('ariane lipski', 'cong wang')",unmatched,0
ufc-fight-night-3716,UFC Fight Night,2025-06-15,https://www.bestfightodds.com/events/ufc-fight-night-3716,38623,Cody Brundage,Mansur Abdul-Malik,/fighters/cody-brundage-10168,/fighters/mansur-abdul-malik-12720,"('cody brundage', 'mansur abdul malik')",unmatched,0
ufc-fight-night-3716,UFC Fight Night,2025-06-15,https://www.bestfightodds.com/events/ufc-fight-night-3716,38916,Paul Craig,Rodolfo Bellato,/fighters/paul-craig-6791,/fighters/rodolfo-bellato-11728,"('paul craig', 'rodolfo bellato')",unmatched,0
ufc-fight-night-3748,UFC Fight Night,2025-07-12,https://www.bestfightodds.com/events/ufc-fight-night-3748,38911,Ateba Gautier,Robert Valentin,/fighters/ateba-gautier-18421,/fighters/robert-valentin-13471,"('ateba gautier', 'robert valentin')",unmatched,0
ufc-3706,UFC,2025-07-20,https://www.bestfightodds.com/events/ufc-3706,38773,Gunnar Nelson,Neil Magny,/fighters/gunnar-nelson-3160,/fighters/neil-magny-3807,"('gunnar nelson', 'neil magny')",unmatched,0
ufc-3724,UFC,2025-07-26,https://www.bestfightodds.com/events/ufc-3724,39216,Carlos Leal Miranda,Muslim Salikhov,/fighters/carlos-leal-miranda-7744,/fighters/muslim-salikhov-7701,"('carlos leal miranda', 'muslim salikhov')",unmatched,0
ufc-fight-night-albazi-vs-taira-odds-3777,UFC Fight Night: Albazi vs Taira Odds,2025-08-02,https://www.bestfightodds.com/events/ufc-fight-night-albazi-vs-taira-odds-3777,39399,Amir Albazi,Tatsuro Taira,/fighters/amir-albazi-7189,/fighters/tatsuro-taira-13311,"('amir albazi', 'tatsuro taira')",unmatched,0
road-to-ufc-3819,Road to UFC,2025-08-22,https://www.bestfightodds.com/events/road-to-ufc-3819,39546,Sang Uk Kim,Yawei Ren,/fighters/sang-uk-kim-15876,/fighters/yawei-ren-19452,"('sang uk kim', 'yawei ren')",unmatched,0
road-to-ufc-3819,Road to UFC,2025-08-22,https://www.bestfightodds.com/events/road-to-ufc-3819,39548,Kaiwen Li,Keiichiro Nakamura,/fighters/kaiwen-li-15871,/fighters/keiichiro-nakamura-19441,"('kaiwen li', 'keiichiro nakamura')",unmatched,0
road-to-ufc-3819,Road to UFC,2025-08-22,https://www.bestfightodds.com/events/road-to-ufc-3819,39551,Sim Kai Xiong,Sulangrangbo,/fighters/sim-kai-xiong-13735,/fighters/sulangrangbo-19454,"('sim kai xiong', 'sulangrangbo')",unmatched,0
road-to-ufc-3819,Road to UFC,2025-08-22,https://www.bestfightodds.com/events/road-to-ufc-3819,39552,Dom Mar Fan,Jae Hyun Park,/fighters/dom-mar-fan-19458,/fighters/jae-hyun-park-16404,"('dom mar fan', 'jae hyun park')",unmatched,0
road-to-ufc-3819,Road to UFC,2025-08-22,https://www.bestfightodds.com/events/road-to-ufc-3819,39544,Agulali,Namsrai Batbayar,/fighters/agulali-19444,/fighters/namsrai-batbayar-19438,"('agulali', 'namsrai batbayar')",unmatched,0
road-to-ufc-3819,Road to UFC,2025-08-22,https://www.bestfightodds.com/events/road-to-ufc-3819,39550,Chang Min Yoon,Sebastian Szalay,/fighters/chang-min-yoon-8964,/fighters/sebastian-szalay-19442,"('chang min yoon', 'sebastian szalay')",unmatched,0
road-to-ufc-3819,Road to UFC,2025-08-22,https://www.bestfightodds.com/events/road-to-ufc-3819,39549,Lawrence Lui,Van Y Nghiem,/fighters/lawrence-lui-19456,/fighters/van-y-nghiem-19450,"('lawrence lui', 'van y nghiem')",unmatched,0
road-to-ufc-3819,Road to UFC,2025-08-22,https://www.bestfightodds.com/events/road-to-ufc-3819,39547,Aaron Tau,Shuai Yin,/fighters/aaron-tau-18404,/fighters/shuai-yin-17654,"('aaron tau', 'shuai yin')",unmatched,0
road-to-ufc-3819,Road to UFC,2025-08-22,https://www.bestfightodds.com/events/road-to-ufc-3819,39545,Kitt Campbell,Yoon Sung Jang,/fighters/kitt-campbell-8032,/fighters/yoon-sung-jang-13728,"('kitt campbell', 'yoon sung jang')",unmatched,0
ufc-3818,UFC,2025-08-22,https://www.bestfightodds.com/events/ufc-3818,39542,Bruna Brasil,Ming Shi,/fighters/bruna-brasil-13778,/fighters/ming-shi-17668,"('bruna brasil', 'ming shi')",unmatched,0
ufc-3818,UFC,2025-08-22,https://www.bestfightodds.com/events/ufc-3818,39583,Ren Yawei,Sangwook Kim,/fighters/ren-yawei-19750,/fighters/sangwook-kim-19751,"('ren yawei', 'sangwook kim')",unmatched,0
ufc-3812,UFC,2025-08-23,https://www.bestfightodds.com/events/ufc-3812,39510,Kevin Borjas,Sumudaerji Sumudaerji,/fighters/kevin-borjas-9841,/fighters/sumudaerji-sumudaerji-8746,"('kevin borjas', 'sumudaerji sumudaerji')",unmatched,0
ufc-3812,UFC,2025-08-23,https://www.bestfightodds.com/events/ufc-3812,39530,Long Xiao,Su Young You,/fighters/long-xiao-12717,/fighters/su-young-you-17656,"('long xiao', 'su young you')",unmatched,0
ufc-fight-night-3775,UFC Fight Night,2025-09-06,https://www.bestfightodds.com/events/ufc-fight-night-3775,39557,Fares Ziam,Kaue Fernandes,/fighters/fares-ziam-9451,/fighters/kaue-fernandes-11734,"('fares ziam', 'kaue fernandes')",unmatched,0
ufc-fight-night-3794,UFC Fight Night,2025-09-13,https://www.bestfightodds.com/events/ufc-fight-night-3794,39687,David Martinez,Quang Le,/fighters/david-martinez-16826,/fighters/quang-le-12547,"('david martinez', 'quang le')",unmatched,0
ufc-fight-night-3794,UFC Fight Night,2025-09-13,https://www.bestfightodds.com/events/ufc-fight-night-3794,39371,Sedriques Dumas,Zachary Reese,/fighters/sedriques-dumas-12309,/fighters/zachary-reese-14747,"('sedriques dumas', 'zachary reese')",unmatched,0
ufc-fight-night-3840,UFC Fight Night,2025-09-27,https://www.bestfightodds.com/events/ufc-fight-night-3840,39714,Ibo Aslan,Junior Tafa,/fighters/ibo-aslan-16319,/fighters/junior-tafa-14832,"('ibo aslan', 'jr tafa')",unmatched,0
ufc-fight-night-3846,UFC Fight Night,2025-09-28,https://www.bestfightodds.com/events/ufc-fight-night-3846,39722,Jonathan Micallef,Oban Elliott,/fighters/jonathan-micallef-18608,/fighters/oban-elliott-9107,"('jonathan micallef', 'oban elliott')",unmatched,0
ufc-bjj-3-3874,UFC BJJ 3,2025-10-03,https://www.bestfightodds.com/events/ufc-bjj-3-3874,40035,Keven Carrasco,Mikey Musumeci,/fighters/keven-carrasco-20003,/fighters/mikey-musumeci-11707,"('keven carrasco', 'mikey musumeci')",unmatched,0
ufc-bjj-3-3874,UFC BJJ 3,2025-10-03,https://www.bestfightodds.com/events/ufc-bjj-3-3874,40036,Carlos Henrique,Matheus Gabriel,/fighters/carlos-henrique-20004,/fighters/matheus-gabriel-20005,"('carlos henrique', 'matheus gabriel')",unmatched,0
ufc-bjj-3-3874,UFC BJJ 3,2025-10-03,https://www.bestfightodds.com/events/ufc-bjj-3-3874,40037,Kennedy Maciel,Samuel Nagai,/fighters/kennedy-maciel-14436,/fighters/samuel-nagai-20006,"('kennedy maciel', 'samuel nagai')",unmatched,0
ufc-bjj-3-3874,UFC BJJ 3,2025-10-03,https://www.bestfightodds.com/events/ufc-bjj-3-3874,40038,Alexandria Enriquez,Cassia Moura,/fighters/alexandria-enriquez-20007,/fighters/cassia-moura-20008,"('alexandria enriquez', 'cassia moura')",unmatched,0
ufc-bjj-3-3874,UFC BJJ 3,2025-10-03,https://www.bestfightodds.com/events/ufc-bjj-3-3874,40039,Gustavo Batista,Jansen Gomes,/fighters/gustavo-batista-12837,/fighters/jansen-gomes-20009,"('gustavo batista', 'jansen gomes')",unmatched,0
ufc-bjj-3-3874,UFC BJJ 3,2025-10-03,https://www.bestfightodds.com/events/ufc-bjj-3-3874,40040,Andy Murasaki,Kris Olivo,/fighters/andy-murasaki-20010,/fighters/kris-olivo-20011,"('andy murasaki', 'kris olivo')",unmatched,0
ufc-bjj-3-3874,UFC BJJ 3,2025-10-03,https://www.bestfightodds.com/events/ufc-bjj-3-3874,40041,Andy Varela,Daniel Sathler,/fighters/andy-varela-13037,/fighters/daniel-sathler-20012,"('andy varela', 'daniel sathler')",unmatched,0
ufc-bjj-3-3874,UFC BJJ 3,2025-10-03,https://www.bestfightodds.com/events/ufc-bjj-3-3874,40042,Ana Mayordomo,Shye Lilly,/fighters/ana-mayordomo-20013,/fighters/shye-lilly-20014,"('ana mayordomo', 'shye lilly')",unmatched,0
ufc-bjj-3-3874,UFC BJJ 3,2025-10-03,https://www.bestfightodds.com/events/ufc-bjj-3-3874,40043,Michael Jalen Fonacier,Pedro Nakano,/fighters/michael-jalen-fonacier-20015,/fighters/pedro-nakano-20016,"('michael jalen fonacier', 'pedro nakano')",unmatched,0
ufc-320-odds-3779,UFC 320 Odds,2025-10-05,https://www.bestfightodds.com/events/ufc-320-odds-3779,39834,Ateba Gautier,Ozzy Diaz,/fighters/ateba-gautier-18421,/fighters/ozzy-diaz-10407,"('ateba gautier', 'ozzy diaz')",unmatched,0
ufc-fight-night-3822,UFC Fight Night,2025-10-18,https://www.bestfightodds.com/events/ufc-fight-night-3822,40190,Cody Gibson,Qileng Aori,/fighters/cody-gibson-1915,/fighters/qileng-aori-10837,"('cody gibson', 'qileng aori')",unmatched,0
ufc-321-odds-3780,UFC 321 Odds,2025-10-25,https://www.bestfightodds.com/events/ufc-321-odds-3780,39233,Ciryl Gane,Tom Aspinall,/fighters/ciryl-gane-9273,/fighters/tom-aspinall-8930,"('ciryl gane', 'tom aspinall')",unmatched,0
ufc-vegas-111-3918,UFC Vegas 111,2025-11-08,https://www.bestfightodds.com/events/ufc-vegas-111-3918,40397,Denise Gomes,Tecia Torres,/fighters/denise-gomes-13433,/fighters/tecia-torres-3557,"('denise gomes', 'tecia torres')",unmatched,0
ufc-vegas-111-3917,UFC Vegas 111,2025-11-09,https://www.bestfightodds.com/events/ufc-vegas-111-3917,40383,Gabriel Bonfim,Randy Brown,/fighters/gabriel-bonfim-11752,/fighters/randy-brown-6139,"('gabriel bonfim', 'randy brown')",unmatched,0
ufc-vegas-111-3917,UFC Vegas 111,2025-11-09,https://www.bestfightodds.com/events/ufc-vegas-111-3917,40384,Joseph Morales,Matt Schnell,/fighters/joseph-morales-5383,/fighters/matt-schnell-3492,"('joseph morales', 'matt schnell')",unmatched,0
ufc-vegas-111-3917,UFC Vegas 111,2025-11-09,https://www.bestfightodds.com/events/ufc-vegas-111-3917,40392,Muslim Salikhov,Uros Medic,/fighters/muslim-salikhov-7701,/fighters/uros-medic-10229,"('muslim salikhov', 'uros medic')",unmatched,0
ufc-vegas-111-3917,UFC Vegas 111,2025-11-09,https://www.bestfightodds.com/events/ufc-vegas-111-3917,40393,Chris Padilla,Ismael Bonfim,/fighters/chris-padilla-6093,/fighters/ismael-bonfim-11723,"('chris padilla', 'ismael bonfim')",unmatched,0
ufc-vegas-111-3917,UFC Vegas 111,2025-11-09,https://www.bestfightodds.com/events/ufc-vegas-111-3917,40388,Christian Leroy Duncan,Marco Tulio,/fighters/christian-leroy-duncan-12577,/fighters/marco-tulio-18271,"('christian leroy duncan', 'marco tulio')",unmatched,0
ufc-3895,UFC,2025-12-07,https://www.bestfightodds.com/events/ufc-3895,40720,Bogdan Guskov,Jan Blachowicz,/fighters/bogdan-guskov-16384,/fighters/jan-blachowicz-2371,"('bogdan guskov', 'jan blachowicz')",unmatched,0
ufc-bjj-4-3989,UFC BJJ 4,2025-12-12,https://www.bestfightodds.com/events/ufc-bjj-4-3989,41078,Andrew Tackett,Elijah Dorsey,/fighters/andrew-tackett-20657,/fighters/elijah-dorsey-20658,"('andrew tackett', 'elijah dorsey')",unmatched,0
ufc-bjj-4-3989,UFC BJJ 4,2025-12-12,https://www.bestfightodds.com/events/ufc-bjj-4-3989,41079,Ronaldo Junior,William Tackett,/fighters/ronaldo-junior-20659,/fighters/william-tackett-14449,"('ronaldo jr', 'william tackett')",unmatched,0
ufc-bjj-4-3989,UFC BJJ 4,2025-12-12,https://www.bestfightodds.com/events/ufc-bjj-4-3989,41080,Aurelie Le Vern,Raquel Canuto,/fighters/aurelie-le-vern-20660,/fighters/raquel-canuto-10233,"('aurelie le vern', 'raquel canuto')",unmatched,0
ufc-bjj-4-3989,UFC BJJ 4,2025-12-12,https://www.bestfightodds.com/events/ufc-bjj-4-3989,41081,Amanda Alequin,Mayssa Bastos,/fighters/amanda-alequin-16151,/fighters/mayssa-bastos-14423,"('amanda alequin', 'mayssa bastos')",unmatched,0
ufc-bjj-4-3989,UFC BJJ 4,2025-12-12,https://www.bestfightodds.com/events/ufc-bjj-4-3989,41082,Alan Sanchez,Renato Canuto,/fighters/alan-sanchez-20661,/fighters/renato-canuto-12835,"('alan sanchez', 'renato canuto')",unmatched,0
ufc-bjj-4-3989,UFC BJJ 4,2025-12-12,https://www.bestfightodds.com/events/ufc-bjj-4-3989,41083,Dorian Olivarez,Samuel Nagai,/fighters/dorian-olivarez-20662,/fighters/samuel-nagai-20006,"('dorian olivarez', 'samuel nagai')",unmatched,0
ufc-bjj-4-3989,UFC BJJ 4,2025-12-12,https://www.bestfightodds.com/events/ufc-bjj-4-3989,41084,Andy Varela,Robby Malof,/fighters/andy-varela-13037,/fighters/robby-malof-20663,"('andy varela', 'robby malof')",unmatched,0
ufc-bjj-4-3989,UFC BJJ 4,2025-12-12,https://www.bestfightodds.com/events/ufc-bjj-4-3989,41085,Bella Mir,Rana Willink,/fighters/bella-mir-20577,/fighters/rana-willink-20664,"('bella mir', 'rana willink')",unmatched,0
ufc-bjj-4-3989,UFC BJJ 4,2025-12-12,https://www.bestfightodds.com/events/ufc-bjj-4-3989,41086,Landon Elmore,Nate Hernandez,/fighters/landon-elmore-20665,/fighters/nate-hernandez-20666,"('landon elmore', 'nate hernandez')",unmatched,0
ufc-bjj-4-3989,UFC BJJ 4,2025-12-12,https://www.bestfightodds.com/events/ufc-bjj-4-3989,41087,Jussier Formiga,Lucas Pinheiro,/fighters/jussier-formiga-4673,/fighters/lucas-pinheiro-20667,"('jussier formiga', 'lucas pinheiro')",unmatched,0
ufc-vegas-112-3987,UFC Vegas 112,2025-12-14,https://www.bestfightodds.com/events/ufc-vegas-112-3987,41053,Kennedy Nzechukwu,Marcus Buchecha,/fighters/kennedy-nzechukwu-7454,/fighters/marcus-buchecha-14323,"('kennedy nzechukwu', 'marcus buchecha')",unmatched,0
ufc-vegas-112-3987,UFC Vegas 112,2025-12-14,https://www.bestfightodds.com/events/ufc-vegas-112-3987,41098,Bobby Green,Lance Gibson Jr,/fighters/bobby-green-1060,/fighters/lance-gibson-jr-13685,"('bobby green', 'lance gibson jr')",unmatched,0
ufc-vegas-112-3987,UFC Vegas 112,2025-12-14,https://www.bestfightodds.com/events/ufc-vegas-112-3987,41054,Amanda Lemos,Gillian Robertson,/fighters/amanda-lemos-7335,/fighters/gillian-robertson-7784,"('amanda lemos', 'gillian robertson')",unmatched,0
ufc-3525,UFC,2026-01-01,https://www.bestfightodds.com/events/ufc-3525,37961,Jon Jones,Tom Aspinall,/fighters/jon-jones-819,/fighters/tom-aspinall-8930,"('jon jones', 'tom aspinall')",unmatched,0
ufc-324-3973,UFC 324,2026-01-24,https://www.bestfightodds.com/events/ufc-324-3973,41200,Alexander Hernandez,Michael Johnson,/fighters/alexander-hernandez-7977,/fighters/michael-johnson-2219,"('alexander hernandez', 'michael johnson')",unmatched,0
ufc-3970,UFC,2026-01-25,https://www.bestfightodds.com/events/ufc-3970,38990,Amanda Nunes,Kayla Harrison,/fighters/amanda-nunes-2225,/fighters/kayla-harrison-8276,"('amanda nunes', 'kayla harrison')",unmatched,0
ufc-3971,UFC,2026-02-01,https://www.bestfightodds.com/events/ufc-3971,41455,Dom Mar Fan,Kim Sang Wook,/fighters/dom-mar-fan-19458,/fighters/kim-sang-wook-20916,"('dom mar fan', 'kim sang wook')",unmatched,0
ufc-bjj5-4050,UFC BJJ5,2026-02-13,https://www.bestfightodds.com/events/ufc-bjj5-4050,41685,Mikey Musumeci,Shay Montague,/fighters/mikey-musumeci-11707,/fighters/shay-montague-21039,"('mikey musumeci', 'shay montague')",unmatched,0
ufc-bjj5-4050,UFC BJJ5,2026-02-13,https://www.bestfightodds.com/events/ufc-bjj5-4050,41686,Ronaldo Junior,Tarik Hopstock,/fighters/ronaldo-junior-20659,/fighters/tarik-hopstock-12647,"('ronaldo jr', 'tarik hopstock')",unmatched,0
ufc-bjj5-4050,UFC BJJ5,2026-02-13,https://www.bestfightodds.com/events/ufc-bjj5-4050,41687,Andy Murasaki,Andy Varela,/fighters/andy-murasaki-20010,/fighters/andy-varela-13037,"('andy murasaki', 'andy varela')",unmatched,0
ufc-bjj5-4050,UFC BJJ5,2026-02-13,https://www.bestfightodds.com/events/ufc-bjj5-4050,41688,Landon Elmore,Rerisson Gabriel,/fighters/landon-elmore-20665,/fighters/rerisson-gabriel-21040,"('landon elmore', 'rerisson gabriel')",unmatched,0
ufc-bjj5-4050,UFC BJJ5,2026-02-13,https://www.bestfightodds.com/events/ufc-bjj5-4050,41689,Rebeca Lima,Taylor Hishaw,/fighters/rebeca-lima-21041,/fighters/taylor-hishaw-21042,"('rebeca lima', 'taylor hishaw')",unmatched,0
ufc-bjj5-4050,UFC BJJ5,2026-02-13,https://www.bestfightodds.com/events/ufc-bjj5-4050,41690,Carol Brunacio,Mona Bailey,/fighters/carol-brunacio-21043,/fighters/mona-bailey-21044,"('carol brunacio', 'mona bailey')",unmatched,0
ufc-bjj5-4050,UFC BJJ5,2026-02-13,https://www.bestfightodds.com/events/ufc-bjj5-4050,41691,Carlos Oliveira,Jalen Fonacier,/fighters/carlos-oliveira-21045,/fighters/jalen-fonacier-21046,"('carlos oliveira', 'jalen fonacier')",unmatched,0
ufc-bjj5-4050,UFC BJJ5,2026-02-13,https://www.bestfightodds.com/events/ufc-bjj5-4050,41692,Jonnatas Gracie,Lucas Yan,/fighters/jonnatas-gracie-12833,/fighters/lucas-yan-21047,"('jonnatas gracie', 'lucas yan')",unmatched,0
ufc-bjj5-4050,UFC BJJ5,2026-02-13,https://www.bestfightodds.com/events/ufc-bjj5-4050,41693,Nicholas Maglicic,Nicholas Meregali,/fighters/nicholas-maglicic-21048,/fighters/nicholas-meregali-14474,"('nicholas maglicic', 'nicholas meregali')",unmatched,0
ufc-3996,UFC,2026-02-22,https://www.bestfightodds.com/events/ufc-3996,41624,Carlos Leal Miranda,Chidi Njokuani,/fighters/carlos-leal-miranda-7744,/fighters/chidi-njokuani-2452,"('carlos leal miranda', 'chidi njokuani')",unmatched,0
ufc-mexico-4052,UFC Mexico,2026-03-01,https://www.bestfightodds.com/events/ufc-mexico-4052,41710,Bobby Green,Daniel Zellhuber,/fighters/bobby-green-1060,/fighters/daniel-zellhuber-9200,"('bobby green', 'daniel zellhuber')",unmatched,0
ufc-mexico-4052,UFC Mexico,2026-03-01,https://www.bestfightodds.com/events/ufc-mexico-4052,41715,Jose Medina,Ryan Gandra,/fighters/jose-medina-3601,/fighters/ryan-gandra-18813,"('jose medina', 'ryan gandra')",unmatched,0
ufc-326-4065,UFC 326,2026-03-07,https://www.bestfightodds.com/events/ufc-326-4065,41741,Jesus Aguilar,Sumudaerji Sumudaerji,/fighters/jesus-aguilar-14733,/fighters/sumudaerji-sumudaerji-8746,"('jesus aguilar', 'sumudaerji sumudaerji')",unmatched,0
ufc-4025,UFC,2026-03-08,https://www.bestfightodds.com/events/ufc-4025,41738,Cody Garbrandt,Long Xiao,/fighters/cody-garbrandt-5368,/fighters/long-xiao-12717,"('cody garbrandt', 'long xiao')",unmatched,0
ufc-bjj-6-4088,UFC BJJ 6,2026-03-13,https://www.bestfightodds.com/events/ufc-bjj-6-4088,42052,Mason Fowler,Pedro Machado,/fighters/mason-fowler-14457,/fighters/pedro-machado-21224,"('mason fowler', 'pedro machado')",unmatched,0
ufc-bjj-6-4088,UFC BJJ 6,2026-03-13,https://www.bestfightodds.com/events/ufc-bjj-6-4088,42053,Cassia Moura,Ffion Davies,/fighters/cassia-moura-20008,/fighters/ffion-davies-14421,"('cassia moura', 'ffion davies')",unmatched,0
ufc-bjj-6-4088,UFC BJJ 6,2026-03-13,https://www.bestfightodds.com/events/ufc-bjj-6-4088,42054,Elder Cruz,Nick Rodriguez,/fighters/elder-cruz-14464,/fighters/nick-rodriguez-13065,"('elder cruz', 'nick rodriguez')",unmatched,0
ufc-bjj-6-4088,UFC BJJ 6,2026-03-13,https://www.bestfightodds.com/events/ufc-bjj-6-4088,42055,Marcos Mendes,Meyram Maquine,/fighters/marcos-mendes-21225,/fighters/meyram-maquine-21226,"('marcos mendes', 'meyram maquine')",unmatched,0
ufc-bjj-6-4088,UFC BJJ 6,2026-03-13,https://www.bestfightodds.com/events/ufc-bjj-6-4088,42056,Ana Rodrigues,Jasmine Rocha,/fighters/ana-rodrigues-21227,/fighters/jasmine-rocha-21228,"('ana rodrigues', 'jasmine rocha')",unmatched,0
ufc-bjj-6-4088,UFC BJJ 6,2026-03-13,https://www.bestfightodds.com/events/ufc-bjj-6-4088,42057,Devhonte Johnson,Lucas Norat,/fighters/devhonte-johnson-14470,/fighters/lucas-norat-21229,"('devhonte johnson', 'lucas norat')",unmatched,0
ufc-bjj-6-4088,UFC BJJ 6,2026-03-13,https://www.bestfightodds.com/events/ufc-bjj-6-4088,42058,Joao Miyao,Jussier Formiga,/fighters/joao-miyao-21230,/fighters/jussier-formiga-4673,"('joao miyao', 'jussier formiga')",unmatched,0
ufc-bjj-6-4088,UFC BJJ 6,2026-03-13,https://www.bestfightodds.com/events/ufc-bjj-6-4088,42059,Caio Vinicius Santos,Manuel Ribimar,/fighters/caio-vinicius-santos-21231,/fighters/manuel-ribimar-21232,"('caio vinicius santos', 'manuel ribimar')",unmatched,0
ufc-london-4081,UFC London,2026-03-21,https://www.bestfightodds.com/events/ufc-london-4081,41999,Luana Carolina,Melissa Mullins,/fighters/luana-carolina-8992,/fighters/melissa-mullins-17402,"('luana carolina', 'melissa mullins')",unmatched,0
ufc-seattle-4095,UFC Seattle,2026-03-28,https://www.bestfightodds.com/events/ufc-seattle-4095,42121,Adrian Yanez,Ricky Simon,/fighters/adrian-yanez-4952,/fighters/ricky-simon-5780,"('adrian yanez', 'ricky simon')",unmatched,0
ufc-bjj-7-4123,UFC BJJ 7,2026-04-03,https://www.bestfightodds.com/events/ufc-bjj-7-4123,42685,Andrew Tackett,Vagner Rocha,/fighters/andrew-tackett-20657,/fighters/vagner-rocha-1087,"('andrew tackett', 'vagner rocha')",unmatched,0
ufc-bjj-7-4123,UFC BJJ 7,2026-04-03,https://www.bestfightodds.com/events/ufc-bjj-7-4123,42686,Carlos Henrique,Lucas Valente,/fighters/carlos-henrique-20004,/fighters/lucas-valente-21735,"('carlos henrique', 'lucas valente')",unmatched,0
ufc-bjj-7-4123,UFC BJJ 7,2026-04-03,https://www.bestfightodds.com/events/ufc-bjj-7-4123,42687,Aurelie Le Vern,Rebeca Lima,/fighters/aurelie-le-vern-20660,/fighters/rebeca-lima-21041,"('aurelie le vern', 'rebeca lima')",unmatched,0
ufc-bjj-7-4123,UFC BJJ 7,2026-04-03,https://www.bestfightodds.com/events/ufc-bjj-7-4123,42689,Renato Canuto,Yonathan Cardenas,/fighters/renato-canuto-12835,/fighters/yonathan-cardenas-21737,"('renato canuto', 'yonathan cardenas')",unmatched,0
ufc-bjj-7-4123,UFC BJJ 7,2026-04-03,https://www.bestfightodds.com/events/ufc-bjj-7-4123,42690,Adele Fornarino,Alex Enriquez,/fighters/adele-fornarino-14420,/fighters/alex-enriquez-21738,"('adele fornarino', 'alex enriquez')",unmatched,0
ufc-bjj-7-4123,UFC BJJ 7,2026-04-03,https://www.bestfightodds.com/events/ufc-bjj-7-4123,42691,Kenzo Biyong,Raphael Ferreira,/fighters/kenzo-biyong-21739,/fighters/raphael-ferreira-21740,"('kenzo biyong', 'raphael ferreira')",unmatched,0
ufc-bjj-7-4123,UFC BJJ 7,2026-04-03,https://www.bestfightodds.com/events/ufc-bjj-7-4123,42692,Maria Carolina Joia,Rana Willink,/fighters/maria-carolina-joia-21741,/fighters/rana-willink-20664,"('maria carolina joia', 'rana willink')",unmatched,0
ufc-bjj-7-4123,UFC BJJ 7,2026-04-03,https://www.bestfightodds.com/events/ufc-bjj-7-4123,42725,Declan Moody,Patrick Gaudio,/fighters/declan-moody-21736,/fighters/patrick-gaudio-14465,"('declan moody', 'patrick gaudio')",unmatched,0
ufc-winnipeg-4130,UFC Winnipeg,2026-04-18,https://www.bestfightodds.com/events/ufc-winnipeg-4130,42756,John Castaneda,Mark Vologdin,/fighters/john-castaneda-7396,/fighters/mark-vologdin-16787,"('john castaneda', 'mark vologdin')",unmatched,0
ufc-winnipeg-4130,UFC Winnipeg,2026-04-18,https://www.bestfightodds.com/events/ufc-winnipeg-4130,42754,Allan Nascimento,Mitch Raposo,/fighters/allan-nascimento-6373,/fighters/mitch-raposo-10778,"('allan nascimento', 'mitch raposo')",unmatched,0
ufc-vegas-116-4147,UFC Vegas 116,2026-04-25,https://www.bestfightodds.com/events/ufc-vegas-116-4147,42915,Davey Grant,Juan Martinetti,/fighters/davey-grant-4074,/fighters/juan-martinetti-21864,"('davey grant', 'juan martinetti')",unmatched,0
ufc-vegas-116-4147,UFC Vegas 116,2026-04-25,https://www.bestfightodds.com/events/ufc-vegas-116-4147,42921,Jafel Filho,Lucas Rocha,/fighters/jafel-filho-14406,/fighters/lucas-rocha-15885,"('jafel filho', 'lucas rocha')",unmatched,0
ufc-vegas-117-4186,UFC Vegas 117,2026-05-16,https://www.bestfightodds.com/events/ufc-vegas-117-4186,43250,Artur Minev,Thomas Grantt,/fighters/artur-minev-18690,/fighters/thomas-grantt-22020,"('artur minev', 'thomas grantt')",unmatched,0
ufc-vegas-117-4178,UFC Vegas 117,2026-05-17,https://www.bestfightodds.com/events/ufc-vegas-117-4178,43234,Modestas Bukauskas,Rodolfo Bellato,/fighters/modestas-bukauskas-7865,/fighters/rodolfo-bellato-11728,"('modestas bukauskas', 'rodolfo bellato')",unmatched,0
ufc-vegas-117-4178,UFC Vegas 117,2026-05-17,https://www.bestfightodds.com/events/ufc-vegas-117-4178,43239,Tommy Gantt,Trey Ogden,/fighters/tommy-gantt-22019,/fighters/trey-ogden-5784,"('tommy gantt', 'trey ogden')",unmatched,0
ufc-bjj-8-4197,UFC BJJ 8,2026-05-22,https://www.bestfightodds.com/events/ufc-bjj-8-4197,43358,Kevin Dantzler,Mikey Musumeci,/fighters/kevin-dantzler-15037,/fighters/mikey-musumeci-11707,"('kevin dantzler', 'mikey musumeci')",unmatched,0
ufc-bjj-8-4197,UFC BJJ 8,2026-05-22,https://www.bestfightodds.com/events/ufc-bjj-8-4197,43359,Cassia Moura,Sabrina Gondim,/fighters/cassia-moura-20008,/fighters/sabrina-gondim-22082,"('cassia moura', 'sabrina gondim')",unmatched,0
ufc-bjj-8-4197,UFC BJJ 8,2026-05-22,https://www.bestfightodds.com/events/ufc-bjj-8-4197,43360,Manuel Ribamar,William Tackett,/fighters/manuel-ribamar-22083,/fighters/william-tackett-14449,"('manuel ribamar', 'william tackett')",unmatched,0
ufc-bjj-8-4197,UFC BJJ 8,2026-05-22,https://www.bestfightodds.com/events/ufc-bjj-8-4197,43361,Danilo Moreira,Ethan Crelinsten,/fighters/danilo-moreira-22084,/fighters/ethan-crelinsten-14430,"('danilo moreira', 'ethan crelinsten')",unmatched,0
ufc-bjj-8-4197,UFC BJJ 8,2026-05-22,https://www.bestfightodds.com/events/ufc-bjj-8-4197,43362,Andy Varela,Jett Thompson,/fighters/andy-varela-13037,/fighters/jett-thompson-22085,"('andy varela', 'jett thompson')",unmatched,0
ufc-bjj-8-4197,UFC BJJ 8,2026-05-22,https://www.bestfightodds.com/events/ufc-bjj-8-4197,43363,Keith Krikorian,Landon Elmore,/fighters/keith-krikorian-14438,/fighters/landon-elmore-20665,"('keith krikorian', 'landon elmore')",unmatched,0
ufc-bjj-8-4197,UFC BJJ 8,2026-05-22,https://www.bestfightodds.com/events/ufc-bjj-8-4197,43364,Liam Crelinsten,Max Livingston,/fighters/liam-crelinsten-22086,/fighters/max-livingston-20752,"('liam crelinsten', 'max livingston')",unmatched,0
ufc-bjj-8-4197,UFC BJJ 8,2026-05-22,https://www.bestfightodds.com/events/ufc-bjj-8-4197,43365,Azamat Bakytov,Thomas David,/fighters/azamat-bakytov-22087,/fighters/thomas-david-22088,"('azamat bakytov', 'thomas david')",unmatched,0
ufc-bjj-8-4197,UFC BJJ 8,2026-05-22,https://www.bestfightodds.com/events/ufc-bjj-8-4197,43405,Derek Rayfield,Jett Thompson,/fighters/derek-rayfield-22103,/fighters/jett-thompson-22085,"('derek rayfield', 'jett thompson')",unmatched,0
road-to-ufc-4206,Road to UFC,2026-05-28,https://www.bestfightodds.com/events/road-to-ufc-4206,43472,Rongzhu,Victor Martinez,/fighters/rongzhu-17112,/fighters/victor-martinez-9804,"('rongzhu', 'victor martinez')",unmatched,0
road-to-ufc-4206,Road to UFC,2026-05-28,https://www.bestfightodds.com/events/road-to-ufc-4206,43471,Bin Xie,Yudi Cahyadi,/fighters/bin-xie-12716,/fighters/yudi-cahyadi-22149,"('bin xie', 'yudi cahyadi')",unmatched,0
road-to-ufc-4206,Road to UFC,2026-05-28,https://www.bestfightodds.com/events/road-to-ufc-4206,43464,George Mangos,Yuito Yanagawa,/fighters/george-mangos-19681,/fighters/yuito-yanagawa-22140,"('george mangos', 'yuito yanagawa')",unmatched,0
road-to-ufc-4206,Road to UFC,2026-05-28,https://www.bestfightodds.com/events/road-to-ufc-4206,43465,Ahejiang Ailinuer,Gwan Woo Lim,/fighters/ahejiang-ailinuer-22141,/fighters/gwan-woo-lim-22142,"('ahejiang ailinuer', 'gwan woo lim')",unmatched,0
road-to-ufc-4206,Road to UFC,2026-05-28,https://www.bestfightodds.com/events/road-to-ufc-4206,43470,Kasib Murdoch,Yunosuke Minami,/fighters/kasib-murdoch-22147,/fighters/yunosuke-minami-22148,"('kasib murdoch', 'yunosuke minami')",unmatched,0
road-to-ufc-4206,Road to UFC,2026-05-28,https://www.bestfightodds.com/events/road-to-ufc-4206,43466,Dagiisuren Chagnaadorj,Regezhen,/fighters/dagiisuren-chagnaadorj-22143,/fighters/regezhen-22144,"('dagiisuren chagnaadorj', 'regezhen')",unmatched,0
road-to-ufc-4206,Road to UFC,2026-05-28,https://www.bestfightodds.com/events/road-to-ufc-4206,43468,Kimbert Alintozon,Rabindra Dhant,/fighters/kimbert-alintozon-22145,/fighters/rabindra-dhant-19336,"('kimbert alintozon', 'rabindra dhant')",unmatched,0
road-to-ufc-4206,Road to UFC,2026-05-28,https://www.bestfightodds.com/events/road-to-ufc-4206,43469,Haitao Ti,Ryo Tajima,/fighters/haitao-ti-19879,/fighters/ryo-tajima-22146,"('haitao ti', 'ryo tajima')",unmatched,0
road-to-ufc-4206,Road to UFC,2026-05-28,https://www.bestfightodds.com/events/road-to-ufc-4206,43467,Jin Aoi,Young Jae Song,/fighters/jin-aoi-10249,/fighters/young-jae-song-17655,"('jin aoi', 'young jae song')",unmatched,0
road-to-ufc-4206,Road to UFC,2026-05-28,https://www.bestfightodds.com/events/road-to-ufc-4206,43486,Chungreng Koren,Ryuho Miyaguchi,/fighters/chungreng-koren-22160,/fighters/ryuho-miyaguchi-22161,"('chungreng koren', 'ryuho miyaguchi')",unmatched,0
road-to-ufc-4207,Road to UFC,2026-05-29,https://www.bestfightodds.com/events/road-to-ufc-4207,43473,Ming Shi,Puja Tomar,/fighters/ming-shi-17668,/fighters/puja-tomar-7943,"('ming shi', 'puja tomar')",unmatched,0
road-to-ufc-4207,Road to UFC,2026-05-29,https://www.bestfightodds.com/events/road-to-ufc-4207,43474,Namsrai Batbayar,Shuai Yin,/fighters/namsrai-batbayar-19438,/fighters/shuai-yin-17654,"('namsrai batbayar', 'shuai yin')",unmatched,0
road-to-ufc-4207,Road to UFC,2026-05-29,https://www.bestfightodds.com/events/road-to-ufc-4207,43479,Jiniushiyue,Kaito Oda,/fighters/jiniushiyue-15863,/fighters/kaito-oda-22151,"('jiniushiyue', 'kaito oda')",unmatched,0
road-to-ufc-4207,Road to UFC,2026-05-29,https://www.bestfightodds.com/events/road-to-ufc-4207,43477,Farida Abdueva,Xiaocan Feng,/fighters/farida-abdueva-16673,/fighters/xiaocan-feng-17665,"('farida abdueva', 'xiaocan feng')",unmatched,0
road-to-ufc-4207,Road to UFC,2026-05-29,https://www.bestfightodds.com/events/road-to-ufc-4207,43482,Joseph Larcinese,Ryoga Arimoto,/fighters/joseph-larcinese-22153,/fighters/ryoga-arimoto-22154,"('joseph larcinese', 'ryoga arimoto')",unmatched,0
road-to-ufc-4207,Road to UFC,2026-05-29,https://www.bestfightodds.com/events/road-to-ufc-4207,43476,Arisa Matsuda,Bo Meng,/fighters/arisa-matsuda-19437,/fighters/bo-meng-14862,"('arisa matsuda', 'bo meng')",unmatched,0
road-to-ufc-4207,Road to UFC,2026-05-29,https://www.bestfightodds.com/events/road-to-ufc-4207,43481,Otgonbaatar Boldbaatar,Takaya Suzuki,/fighters/otgonbaatar-boldbaatar-22152,/fighters/takaya-suzuki-20874,"('otgonbaatar boldbaatar', 'takaya suzuki')",unmatched,0
road-to-ufc-4207,Road to UFC,2026-05-29,https://www.bestfightodds.com/events/road-to-ufc-4207,43475,Bo Hyun Park,Huaxiang Dong,/fighters/bo-hyun-park-22150,/fighters/huaxiang-dong-17662,"('bo hyun park', 'huaxiang dong')",unmatched,0
road-to-ufc-4207,Road to UFC,2026-05-29,https://www.bestfightodds.com/events/road-to-ufc-4207,43480,Eros Baluyot,Takeru Uchida,/fighters/eros-baluyot-18790,/fighters/takeru-uchida-13927,"('eros baluyot', 'takeru uchida')",unmatched,0
road-to-ufc-4207,Road to UFC,2026-05-29,https://www.bestfightodds.com/events/road-to-ufc-4207,43478,Anelya Toktogonova,Machi Fukuda,/fighters/anelya-toktogonova-17641,/fighters/machi-fukuda-16555,"('anelya toktogonova', 'machi fukuda')",unmatched,0
ufc-macau-4188,UFC Macau,2026-05-30,https://www.bestfightodds.com/events/ufc-macau-4188,43328,Alex Perez,Sumudaerji Sumudaerji,/fighters/alex-perez-2459,/fighters/sumudaerji-sumudaerji-8746,"('alex perez', 'sumudaerji sumudaerji')",unmatched,0
ufc-macau-4188,UFC Macau,2026-05-30,https://www.bestfightodds.com/events/ufc-macau-4188,43338,Jose Henrique,Meng Ding,/fighters/jose-henrique-13780,/fighters/meng-ding-18151,"('jose henrique', 'meng ding')",unmatched,0
ufc-macau-4188,UFC Macau,2026-05-30,https://www.bestfightodds.com/events/ufc-macau-4188,43331,Ding Meng,Jose Henrique,/fighters/ding-meng-22070,/fighters/jose-henrique-13780,"('ding meng', 'jose henrique')",unmatched,0
ufc-macau-4188,UFC Macau,2026-05-30,https://www.bestfightodds.com/events/ufc-macau-4188,43404,Kangjie Zhu,Rodrigo Vera,/fighters/kangjie-zhu-17657,/fighters/rodrigo-vera-9204,"('kangjie zhu', 'rodrigo vera')",unmatched,0
ufc-bjj-9-4220,UFC BJJ 9,2026-06-05,https://www.bestfightodds.com/events/ufc-bjj-9-4220,43535,Devhonte Johnson,Mason Fowler,/fighters/devhonte-johnson-14470,/fighters/mason-fowler-14457,"('devhonte johnson', 'mason fowler')",unmatched,0
ufc-bjj-9-4220,UFC BJJ 9,2026-06-05,https://www.bestfightodds.com/events/ufc-bjj-9-4220,43537,Joao Nicolite,Nick Rodriguez,/fighters/joao-nicolite-22193,/fighters/nick-rodriguez-13065,"('joao nicolite', 'nick rodriguez')",unmatched,0
ufc-bjj-9-4220,UFC BJJ 9,2026-06-05,https://www.bestfightodds.com/events/ufc-bjj-9-4220,43538,Amanda Bruse,Ffion Davies,/fighters/amanda-bruse-22194,/fighters/ffion-davies-14421,"('amanda bruse', 'ffion davies')",unmatched,0
ufc-bjj-9-4220,UFC BJJ 9,2026-06-05,https://www.bestfightodds.com/events/ufc-bjj-9-4220,43539,Bella Mir,Nichelle Johnson,/fighters/bella-mir-20577,/fighters/nichelle-johnson-22195,"('bella mir', 'nichelle johnson')",unmatched,0
ufc-bjj-9-4220,UFC BJJ 9,2026-06-05,https://www.bestfightodds.com/events/ufc-bjj-9-4220,43540,Achilles Rocha,Filipe Pimentel,/fighters/achilles-rocha-22196,/fighters/filipe-pimentel-22197,"('achilles rocha', 'filipe pimentel')",unmatched,0
ufc-bjj-9-4220,UFC BJJ 9,2026-06-05,https://www.bestfightodds.com/events/ufc-bjj-9-4220,43541,John Chandler,Raphael Ferreira,/fighters/john-chandler-22198,/fighters/raphael-ferreira-21740,"('john chandler', 'raphael ferreira')",unmatched,0
ufc-bjj-9-4220,UFC BJJ 9,2026-06-05,https://www.bestfightodds.com/events/ufc-bjj-9-4220,43542,Mourece Ramirez,Victor Delibero,/fighters/mourece-ramirez-22199,/fighters/victor-delibero-22200,"('mourece ramirez', 'victor delibero')",unmatched,0
ufc-bjj-9-4220,UFC BJJ 9,2026-06-05,https://www.bestfightodds.com/events/ufc-bjj-9-4220,43543,Amanda Mazza,Juliana Lima,/fighters/amanda-mazza-15038,/fighters/juliana-lima-5234,"('amanda mazza', 'juliana lima')",unmatched,0
ufc-bjj-9-4220,UFC BJJ 9,2026-06-05,https://www.bestfightodds.com/events/ufc-bjj-9-4220,43592,Gilbert Burns,Horlando Monteiro,/fighters/gilbert-burns-4747,/fighters/horlando-monteiro-22224,"('gilbert burns', 'horlando monteiro')",unmatched,0
ufc-abu-dhabi-4216,UFC Abu Dhabi,2026-07-25,https://www.bestfightodds.com/events/ufc-abu-dhabi-4216,44098,Islam Dulatov,Wellington Turman,/fighters/islam-dulatov-14955,/fighters/wellington-turman-9275,"('islam dulatov', 'wellington turman')",unmatched,0
ufc-belgrade-4285,UFC Belgrade,2026-08-01,https://www.bestfightodds.com/events/ufc-belgrade-4285,44224,Josias Musasa,Mark Vologdin,/fighters/josias-musasa-18383,/fighters/mark-vologdin-16787,"('josias musasa', 'mark vologdin')",unmatched,0
ufc-vegas-120-4301,UFC Vegas 120,2026-08-08,https://www.bestfightodds.com/events/ufc-vegas-120-4301,44334,Jessie Rosas,Miles Johns,/fighters/jessie-rosas-17426,/fighters/miles-johns-5373,"('jessie rosas', 'miles johns')",unmatched,0
noche-ufc-4299,Noche UFC,2026-08-13,https://www.bestfightodds.com/events/noche-ufc-4299,44360,Jean Silva,Yair Rodriguez,/fighters/jean-silva-554,/fighters/yair-rodriguez-5292,"('jean silva', 'yair rodriguez')",unmatched,0
ufc-330-4237,UFC 330,2026-08-15,https://www.bestfightodds.com/events/ufc-330-4237,43741,Ian Machado Garry,Islam Makhachev,/fighters/ian-machado-garry-15690,/fighters/islam-makhachev-5541,"('ian machado garry', 'islam makhachev')",unmatched,0
ufc-330-4237,UFC 330,2026-08-15,https://www.bestfightodds.com/events/ufc-330-4237,43742,Gillian Robertson,Mackenzie Dern,/fighters/gillian-robertson-7784,/fighters/mackenzie-dern-6488,"('gillian robertson', 'mackenzie dern')",unmatched,0
ufc-330-4237,UFC 330,2026-08-15,https://www.bestfightodds.com/events/ufc-330-4237,44349,Jalin Turner,Kaue Fernandes,/fighters/jalin-turner-6854,/fighters/kaue-fernandes-11734,"('jalin turner', 'kaue fernandes')",unmatched,0
ufc-330-4237,UFC 330,2026-08-15,https://www.bestfightodds.com/events/ufc-330-4237,44347,Dustin Stoltzfus,Mansur Abdul-Malik,/fighters/dustin-stoltzfus-10214,/fighters/mansur-abdul-malik-12720,"('dustin stoltzfus', 'mansur abdul malik')",unmatched,0
ufc-330-4237,UFC 330,2026-08-15,https://www.bestfightodds.com/events/ufc-330-4237,44351,Edson Barboza,Esteban Ribovics,/fighters/edson-barboza-2099,/fighters/esteban-ribovics-14245,"('edson barboza', 'esteban ribovics')",unmatched,0
ufc-330-4237,UFC 330,2026-08-15,https://www.bestfightodds.com/events/ufc-330-4237,44359,Chidi Njokuani,Joel Alvarez,/fighters/chidi-njokuani-2452,/fighters/joel-alvarez-8910,"('chidi njokuani', 'joel alvarez')",unmatched,0
ufc-330-4237,UFC 330,2026-08-15,https://www.bestfightodds.com/events/ufc-330-4237,44354,Donte Johnson,Eric McConico,/fighters/donte-johnson-19752,/fighters/eric-mcconico-15806,"('donte johnson', 'eric mcconico')",unmatched,0
ufc-330-4237,UFC 330,2026-08-15,https://www.bestfightodds.com/events/ufc-330-4237,44353,Tresean Gore,Vicente Luque,/fighters/tresean-gore-12266,/fighters/vicente-luque-5744,"('tresean gore', 'vicente luque')",unmatched,0
ufc-330-4237,UFC 330,2026-08-15,https://www.bestfightodds.com/events/ufc-330-4237,44355,Lucas Fernando,Rafael Tobias,/fighters/lucas-fernando-11739,/fighters/rafael-tobias-16116,"('lucas fernando', 'rafael tobias')",unmatched,0
ufc-330-4237,UFC 330,2026-08-15,https://www.bestfightodds.com/events/ufc-330-4237,44350,Neil Magny,Ramiz Brahimaj,/fighters/neil-magny-3807,/fighters/ramiz-brahimaj-7724,"('neil magny', 'ramiz brahimaj')",unmatched,0
ufc-330-4237,UFC 330,2026-08-15,https://www.bestfightodds.com/events/ufc-330-4237,44348,Jeremiah Wells,Myktybek Orolbai,/fighters/jeremiah-wells-8059,/fighters/myktybek-orolbai-16276,"('jeremiah wells', 'myktybek orolbai')",unmatched,0
ufc-330-4237,UFC 330,2026-08-15,https://www.bestfightodds.com/events/ufc-330-4237,44352,Charles Johnson,Jose Ochoa,/fighters/charles-johnson-7494,/fighters/jose-ochoa-16739,"('charles johnson', 'jose ochoa')",unmatched,0
ufc-330-4297,UFC 330,2026-08-15,https://www.bestfightodds.com/events/ufc-330-4297,43741,Ian Machado Garry,Islam Makhachev,/fighters/ian-machado-garry-15690,/fighters/islam-makhachev-5541,"('ian machado garry', 'islam makhachev')",unmatched,0
ufc-330-4297,UFC 330,2026-08-15,https://www.bestfightodds.com/events/ufc-330-4297,43742,Gillian Robertson,Mackenzie Dern,/fighters/gillian-robertson-7784,/fighters/mackenzie-dern-6488,"('gillian robertson', 'mackenzie dern')",unmatched,0
ufc-330-4297,UFC 330,2026-08-15,https://www.bestfightodds.com/events/ufc-330-4297,44349,Jalin Turner,Kaue Fernandes,/fighters/jalin-turner-6854,/fighters/kaue-fernandes-11734,"('jalin turner', 'kaue fernandes')",unmatched,0
ufc-330-4297,UFC 330,2026-08-15,https://www.bestfightodds.com/events/ufc-330-4297,44347,Dustin Stoltzfus,Mansur Abdul-Malik,/fighters/dustin-stoltzfus-10214,/fighters/mansur-abdul-malik-12720,"('dustin stoltzfus', 'mansur abdul malik')",unmatched,0
ufc-330-4297,UFC 330,2026-08-15,https://www.bestfightodds.com/events/ufc-330-4297,44351,Edson Barboza,Esteban Ribovics,/fighters/edson-barboza-2099,/fighters/esteban-ribovics-14245,"('edson barboza', 'esteban ribovics')",unmatched,0
ufc-330-4297,UFC 330,2026-08-15,https://www.bestfightodds.com/events/ufc-330-4297,44359,Chidi Njokuani,Joel Alvarez,/fighters/chidi-njokuani-2452,/fighters/joel-alvarez-8910,"('chidi njokuani', 'joel alvarez')",unmatched,0
ufc-330-4297,UFC 330,2026-08-15,https://www.bestfightodds.com/events/ufc-330-4297,44354,Donte Johnson,Eric McConico,/fighters/donte-johnson-19752,/fighters/eric-mcconico-15806,"('donte johnson', 'eric mcconico')",unmatched,0
ufc-330-4297,UFC 330,2026-08-15,https://www.bestfightodds.com/events/ufc-330-4297,44353,Tresean Gore,Vicente Luque,/fighters/tresean-gore-12266,/fighters/vicente-luque-5744,"('tresean gore', 'vicente luque')",unmatched,0
ufc-330-4297,UFC 330,2026-08-15,https://www.bestfightodds.com/events/ufc-330-4297,44355,Lucas Fernando,Rafael Tobias,/fighters/lucas-fernando-11739,/fighters/rafael-tobias-16116,"('lucas fernando', 'rafael tobias')",unmatched,0
ufc-330-4297,UFC 330,2026-08-15,https://www.bestfightodds.com/events/ufc-330-4297,44350,Neil Magny,Ramiz Brahimaj,/fighters/neil-magny-3807,/fighters/ramiz-brahimaj-7724,"('neil magny', 'ramiz brahimaj')",unmatched,0
ufc-330-4297,UFC 330,2026-08-15,https://www.bestfightodds.com/events/ufc-330-4297,44348,Jeremiah Wells,Myktybek Orolbai,/fighters/jeremiah-wells-8059,/fighters/myktybek-orolbai-16276,"('jeremiah wells', 'myktybek orolbai')",unmatched,0
ufc-330-4297,UFC 330,2026-08-15,https://www.bestfightodds.com/events/ufc-330-4297,44352,Charles Johnson,Jose Ochoa,/fighters/charles-johnson-7494,/fighters/jose-ochoa-16739,"('charles johnson', 'jose ochoa')",unmatched,0
ufc-bjj-10-4322,UFC BJJ 10,2026-08-21,https://www.bestfightodds.com/events/ufc-bjj-10-4322,44525,Andrew Tackett,Jonnatas Gracie,/fighters/andrew-tackett-20657,/fighters/jonnatas-gracie-12833,"('andrew tackett', 'jonnatas gracie')",unmatched,0
ufc-bjj-10-4322,UFC BJJ 10,2026-08-21,https://www.bestfightodds.com/events/ufc-bjj-10-4322,44526,Briana Ste-Marie,Rebeca Lima,/fighters/briana-ste-marie-22648,/fighters/rebeca-lima-21041,"('briana ste marie', 'rebeca lima')",unmatched,0
ufc-bjj-10-4322,UFC BJJ 10,2026-08-21,https://www.bestfightodds.com/events/ufc-bjj-10-4322,44527,Bre Stikk,Cassia Moura,/fighters/bre-stikk-22649,/fighters/cassia-moura-20008,"('bre stikk', 'cassia moura')",unmatched,0
ufc-bjj-10-4322,UFC BJJ 10,2026-08-21,https://www.bestfightodds.com/events/ufc-bjj-10-4322,44528,Adele Fornarino,Carol Brunacio,/fighters/adele-fornarino-14420,/fighters/carol-brunacio-21043,"('adele fornarino', 'carol brunacio')",unmatched,0
ufc-bjj-10-4322,UFC BJJ 10,2026-08-21,https://www.bestfightodds.com/events/ufc-bjj-10-4322,44529,Fedor Nikolov,William Tackett,/fighters/fedor-nikolov-22650,/fighters/william-tackett-14449,"('fedor nikolov', 'william tackett')",unmatched,0
ufc-bjj-10-4322,UFC BJJ 10,2026-08-21,https://www.bestfightodds.com/events/ufc-bjj-10-4322,44530,Jalen Fonacier,Mourece Ramirez,/fighters/jalen-fonacier-21046,/fighters/mourece-ramirez-22199,"('jalen fonacier', 'mourece ramirez')",unmatched,0
ufc-bjj-10-4322,UFC BJJ 10,2026-08-21,https://www.bestfightodds.com/events/ufc-bjj-10-4322,44531,Andy Varela,Vagner Rocha,/fighters/andy-varela-13037,/fighters/vagner-rocha-1087,"('andy varela', 'vagner rocha')",unmatched,0
ufc-bjj-10-4322,UFC BJJ 10,2026-08-21,https://www.bestfightodds.com/events/ufc-bjj-10-4322,44532,Ana Lima,Danielle Kelly,/fighters/ana-lima-22651,/fighters/danielle-kelly-13036,"('ana lima', 'danielle kelly')",unmatched,0
ufc-sacramento-4320,UFC Sacramento,2026-08-22,https://www.bestfightodds.com/events/ufc-sacramento-4320,44429,Anthony Hernandez,Gregory Rodrigues,/fighters/anthony-hernandez-6092,/fighters/gregory-rodrigues-6917,"('anthony hernandez', 'gregory rodrigues')",unmatched,0
ufc-sacramento-4320,UFC Sacramento,2026-08-22,https://www.bestfightodds.com/events/ufc-sacramento-4320,44431,Serghei Spivac,Vitor Petrino,/fighters/serghei-spivac-9985,/fighters/vitor-petrino-14346,"('serghei spivac', 'vitor petrino')",unmatched,0
ufc-sacramento-4320,UFC Sacramento,2026-08-22,https://www.bestfightodds.com/events/ufc-sacramento-4320,44430,Reinier de Ridder,Roman Dolidze,/fighters/reinier-de-ridder-8891,/fighters/roman-dolidze-9094,"('reinier de ridder', 'roman dolidze')",unmatched,0
ufc-sacramento-4320,UFC Sacramento,2026-08-22,https://www.bestfightodds.com/events/ufc-sacramento-4320,44433,Marquel Mederos,Mason Jones,/fighters/marquel-mederos-10796,/fighters/mason-jones-7156,"('marquel mederos', 'mason jones')",unmatched,0
ufc-sacramento-4320,UFC Sacramento,2026-08-22,https://www.bestfightodds.com/events/ufc-sacramento-4320,44436,Carli Judice,Jeisla Chaves,/fighters/carli-judice-16539,/fighters/jeisla-chaves-19899,"('carli judice', 'jeisla chaves')",unmatched,0
ufc-sacramento-4320,UFC Sacramento,2026-08-22,https://www.bestfightodds.com/events/ufc-sacramento-4320,44434,Jamall Emmers,Lerryan Douglas,/fighters/jamall-emmers-6475,/fighters/lerryan-douglas-15887,"('jamall emmers', 'lerryan douglas')",unmatched,0
ufc-sacramento-4320,UFC Sacramento,2026-08-22,https://www.bestfightodds.com/events/ufc-sacramento-4320,44432,Kennedy Nzechukwu,Shamil Gaziev,/fighters/kennedy-nzechukwu-7454,/fighters/shamil-gaziev-12522,"('kennedy nzechukwu', 'shamil gaziev')",unmatched,0
ufc-sacramento-4320,UFC Sacramento,2026-08-22,https://www.bestfightodds.com/events/ufc-sacramento-4320,44435,Chris Padilla,Nasrat Haqparast,/fighters/chris-padilla-6093,/fighters/nasrat-haqparast-7622,"('chris padilla', 'nasrat haqparast')",unmatched,0
ufc-sacramento-4320,UFC Sacramento,2026-08-22,https://www.bestfightodds.com/events/ufc-sacramento-4320,44522,Marcio Barbosa,Ryan Kuse,/fighters/marcio-barbosa-14704,/fighters/ryan-kuse-10517,"('marcio barbosa', 'ryan kuse')",unmatched,0
ufc-sacramento-4320,UFC Sacramento,2026-08-22,https://www.bestfightodds.com/events/ufc-sacramento-4320,44520,Gauge Young,Stanley Dorsainvil,/fighters/gauge-young-11235,/fighters/stanley-dorsainvil-18002,"('gauge young', 'stanley dorsainvil')",unmatched,0
ufc-sacramento-4320,UFC Sacramento,2026-08-22,https://www.bestfightodds.com/events/ufc-sacramento-4320,44437,Jackson McVey,Wes Schultz,/fighters/jackson-mcvey-15053,/fighters/wes-schultz-14304,"('jackson mcvey', 'wes schultz')",unmatched,0
ufc-sacramento-4320,UFC Sacramento,2026-08-22,https://www.bestfightodds.com/events/ufc-sacramento-4320,44518,Elise Reed,Shanelle Dyer,/fighters/elise-reed-9554,/fighters/shanelle-dyer-16552,"('elise reed', 'shanelle dyer')",unmatched,0
ufc-sacramento-4311,UFC Sacramento,2026-08-23,https://www.bestfightodds.com/events/ufc-sacramento-4311,44521,Anthony Wint,Terrance Chatman,/fighters/anthony-wint-16320,/fighters/terrance-chatman-19585,"('anthony wint', 'terrance chatman')",unmatched,0
road-to-ufc-4332,Road to UFC,2026-08-28,https://www.bestfightodds.com/events/road-to-ufc-4332,44628,Darrius Flowers,Maheshate,/fighters/darrius-flowers-8177,/fighters/maheshate-12733,"('darrius flowers', 'maheshate')",unmatched,0
road-to-ufc-4332,Road to UFC,2026-08-28,https://www.bestfightodds.com/events/road-to-ufc-4332,44629,Treston Vines,Yilizhati Maimaitijiang,/fighters/treston-vines-10774,/fighters/yilizhati-maimaitijiang-22680,"('treston vines', 'yilizhati maimaitijiang')",unmatched,0
road-to-ufc-4332,Road to UFC,2026-08-28,https://www.bestfightodds.com/events/road-to-ufc-4332,44630,Ahejiang Ailinuer,George Mangos,/fighters/ahejiang-ailinuer-22141,/fighters/george-mangos-19681,"('ahejiang ailinuer', 'george mangos')",unmatched,0
road-to-ufc-4332,Road to UFC,2026-08-28,https://www.bestfightodds.com/events/road-to-ufc-4332,44632,Kasib Murdoch,Rabindra Dhant,/fighters/kasib-murdoch-22147,/fighters/rabindra-dhant-19336,"('kasib murdoch', 'rabindra dhant')",unmatched,0
road-to-ufc-4332,Road to UFC,2026-08-28,https://www.bestfightodds.com/events/road-to-ufc-4332,44658,Bo Meng,Machi Fukuda,/fighters/bo-meng-14862,/fighters/machi-fukuda-16555,"('bo meng', 'machi fukuda')",unmatched,0
road-to-ufc-4332,Road to UFC,2026-08-28,https://www.bestfightodds.com/events/road-to-ufc-4332,44637,Machi Fukuda,Meng Bo,/fighters/machi-fukuda-16555,/fighters/meng-bo-9122,"('machi fukuda', 'meng bo')",unmatched,0
road-to-ufc-4332,Road to UFC,2026-08-28,https://www.bestfightodds.com/events/road-to-ufc-4332,44635,Joseph Larcinese,Takaya Suzuki,/fighters/joseph-larcinese-22153,/fighters/takaya-suzuki-20874,"('joseph larcinese', 'takaya suzuki')",unmatched,0
road-to-ufc-4332,Road to UFC,2026-08-28,https://www.bestfightodds.com/events/road-to-ufc-4332,44631,Dagiisuren Chagnaadorj,Young Jae Song,/fighters/dagiisuren-chagnaadorj-22143,/fighters/young-jae-song-17655,"('dagiisuren chagnaadorj', 'young jae song')",unmatched,0
road-to-ufc-4332,Road to UFC,2026-08-28,https://www.bestfightodds.com/events/road-to-ufc-4332,44633,Chungreng Koren,Ryo Tajima,/fighters/chungreng-koren-22160,/fighters/ryo-tajima-22146,"('chungreng koren', 'ryo tajima')",unmatched,0
road-to-ufc-4332,Road to UFC,2026-08-28,https://www.bestfightodds.com/events/road-to-ufc-4332,44636,Bo Hyun Park,Farida Abdueva,/fighters/bo-hyun-park-22150,/fighters/farida-abdueva-16673,"('bo hyun park', 'farida abdueva')",unmatched,0
ufc-shanghai-4257,UFC Shanghai,2026-08-29,https://www.bestfightodds.com/events/ufc-shanghai-4257,43928,Song Yadong,Umar Nurmagomedov,/fighters/song-yadong-9482,/fighters/umar-nurmagomedov-9365,"('song yadong', 'umar nurmagomedov')",unmatched,0
ufc-shanghai-4257,UFC Shanghai,2026-08-29,https://www.bestfightodds.com/events/ufc-shanghai-4257,44573,Denise Gomes,Yan Xiaonan,/fighters/denise-gomes-13433,/fighters/yan-xiaonan-9553,"('denise gomes', 'yan xiaonan')",unmatched,0
ufc-shanghai-4257,UFC Shanghai,2026-08-29,https://www.bestfightodds.com/events/ufc-shanghai-4257,44574,Aoriqileng,Kai Asakura,/fighters/aoriqileng-16506,/fighters/kai-asakura-7765,"('aoriqileng', 'kai asakura')",unmatched,0
ufc-shanghai-4257,UFC Shanghai,2026-08-29,https://www.bestfightodds.com/events/ufc-shanghai-4257,44586,Alex Perez,Sumudaerji Sumudaerji,/fighters/alex-perez-2459,/fighters/sumudaerji-sumudaerji-8746,"('alex perez', 'sumudaerji sumudaerji')",unmatched,0
ufc-shanghai-4257,UFC Shanghai,2026-08-29,https://www.bestfightodds.com/events/ufc-shanghai-4257,44587,Levi Rodrigues Jr,Liu Ce,/fighters/levi-rodrigues-jr-22672,/fighters/liu-ce-17339,"('levi rodrigues jr', 'liu ce')",unmatched,0
ufc-shanghai-4257,UFC Shanghai,2026-08-29,https://www.bestfightodds.com/events/ufc-shanghai-4257,44608,Ce Liu,Levi Rodrigues,/fighters/ce-liu-16916,/fighters/levi-rodrigues-14715,"('ce liu', 'levi rodrigues')",unmatched,0
ufc-shanghai-4257,UFC Shanghai,2026-08-29,https://www.bestfightodds.com/events/ufc-shanghai-4257,44590,Bilal Hasan,Nilson Rojas,/fighters/bilal-hasan-14937,/fighters/nilson-rojas-22673,"('bilal hasan', 'nilson rojas')",unmatched,0
ufc-shanghai-4257,UFC Shanghai,2026-08-29,https://www.bestfightodds.com/events/ufc-shanghai-4257,44588,Andre Lima,Namsrai Batbayar,/fighters/andre-lima-16132,/fighters/namsrai-batbayar-19438,"('andre lima', 'namsrai batbayar')",unmatched,0
ufc-shanghai-4257,UFC Shanghai,2026-08-29,https://www.bestfightodds.com/events/ufc-shanghai-4257,44579,Kevin Borjas,Rei Tsuruya,/fighters/kevin-borjas-9841,/fighters/rei-tsuruya-15872,"('kevin borjas', 'rei tsuruya')",unmatched,0
ufc-shanghai-4257,UFC Shanghai,2026-08-29,https://www.bestfightodds.com/events/ufc-shanghai-4257,44575,Jack Jenkins,Sean Woodson,/fighters/jack-jenkins-8037,/fighters/sean-woodson-9342,"('jack jenkins', 'sean woodson')",unmatched,0
ufc-shanghai-4257,UFC Shanghai,2026-08-29,https://www.bestfightodds.com/events/ufc-shanghai-4257,44589,Francesco Nuzzi,Xiao Long,/fighters/francesco-nuzzi-10999,/fighters/xiao-long-14613,"('francesco nuzzi', 'xiao long')",unmatched,0
ufc-shanghai-4257,UFC Shanghai,2026-08-29,https://www.bestfightodds.com/events/ufc-shanghai-4257,44592,Hector Santiago,Lawrence Lui,/fighters/hector-santiago-18289,/fighters/lawrence-lui-19456,"('hector santiago', 'lawrence lui')",unmatched,0
ufc-shanghai-4257,UFC Shanghai,2026-08-29,https://www.bestfightodds.com/events/ufc-shanghai-4257,44609,Jingnan Xiong,Julia Polastri,/fighters/jingnan-xiong-7891,/fighters/julia-polastri-12394,"('jingnan xiong', 'julia polastri')",unmatched,0
ufc-shanghai-4257,UFC Shanghai,2026-08-29,https://www.bestfightodds.com/events/ufc-shanghai-4257,44580,Julia Polastri,Xiong Jingnan,/fighters/julia-polastri-12394,/fighters/xiong-jingnan-7759,"('julia polastri', 'xiong jingnan')",unmatched,0
ufc-shanghai-4257,UFC Shanghai,2026-08-29,https://www.bestfightodds.com/events/ufc-shanghai-4257,44591,Cameron Nelson,Ding Meng,/fighters/cameron-nelson-22674,/fighters/ding-meng-22070,"('cameron nelson', 'ding meng')",unmatched,0
